Tuần,sheet_row,Mã TC,Module,Tên chức năng,Mô tả,Đối tác đã test lại?,Trạng thái v1,Trạng thái v2,Trạng thái dev fix,Trạng thái dev fix 2,Phân loại,Lỗi (tóm tắt),Ghi chú,Kết quả thực tế v1,Kết quả thực tế v2,Ảnh/video 1,Ảnh/video 2
Tuần 1,47,TKDGHQHTPL_02,TKDGHQHTPL,,Biểu đồ hiệu quả hỗ trợ pháp lý,Có — vòng 2 chấm Fail,Fail,Fail,Reopent,dev done,CON_FAIL_V2,Điểm đánh giá hiệu quả hỗ trợ pháp lý theo thang 0–100 nhưng số liệu hiển thị trên màn hình vượt quá 100,-,Biểu đồ không giống với thiết kế,Điểm đánh giá hiệu quả hỗ trợ pháp lý trung bình thang 0–100 nhưng số liệu trên màn hình hiển thị vượt quá 100,TKDGHQHTPL_02.webm,TKDGHQHTPL_02_v2.png
Tuần 1,96,TKHDVMTH_07,TKHDVMTH,,Kiểm tra lọc theo trạng thái,Có — vòng 2 chấm Fail,Fail,Fail,dev done,dev done,CON_FAIL_V2,Lọc trạng thái Tiếp nhận nhưng danh sách vẫn trả về cả bản ghi Đang xử lý lẫn Tiếp nhận,-,- Tổng số bản ghi trên các tab hiển thị không đúng số lượng,"Khi chọn trạng thái ""Tiếp nhận"", hệ thống hiển thị các bản ghi bao gồm ""Đang xử lý"" và ""Tiếp nhận""",TKHDVMTH_07.webm,TKHDVMTH_07_v2.webm
Tuần 1,172,QLCHVMDXL_06,QLCHVMDXL,,Xem danh sách đã xử lý — Read-only,Có — vòng 2 chấm Fail,Fail,Fail,dev done,dev done,CON_FAIL_V2,"Các tab Đã duyệt, Công khai, Hoàn thành hiển thị bảng danh sách thiếu cột Nội dung",-,"- Không có cột bổ sung Người duyệt, Ngày duyệt","Các tab ""Đã duyệt"", ""Công khai"", ""Hoàn thành"" hiển thị bảng danh sách thiếu cột ""Nội dung""",QLCHVMDXL_06.jpg,QLCHVMDXL_06_v2.jpg
Tuần 2,258,DKTGKH_12,DKTGKH,,Tải lên tệp Excel,Có — vòng 2 chấm Fail,Fail,Fail,Reopent,dev done,CON_FAIL_V2,Nạp tệp Excel đăng ký báo Email không hợp lệ dù dữ liệu hợp lệ.,-,"Hệ thống không hiển thị bản xem trước kết quả (số dòng hợp lệ, số dòng lỗi và lý do từng dòng lỗi) theo thiết kế.","Hệ thống thông báo ""Email không hợp lệ"" mặc dù dữ liệu hợp lệ",DKTGKH_12.webm,DKTGKH_12_v2.webm
Tuần 2,274,QLKTLBG_02,QLKTLBG,,Kiểm tra hiển thị bảng danh sách,Có — vòng 2 chấm Fail,Fail,Fail,Resoved,dev done,CON_FAIL_V2,"Bảng danh sách bài giảng thiếu các cột Ảnh xem trước, Lĩnh vực, Người tạo.",-,"Hệ thống hiển thị thông báo lỗi ""Lỗi hệ thống, vui lòng thử lại sau.""","Hệ thống hiển thị thiếu các trường thông tin: Ảnh xem trước, Lĩnh vực, Người tạo",QLKTLBG_02.jpg,QLKTLBG_02_v2.jpg
Tuần 2,326,QLGVTG_07,QLGVTG,,Xem chi tiết,Có — vòng 2 chấm Fail,Fail,Fail,dev done,dev done,CON_FAIL_V2,Tab Thông tin trong màn hình Xem chi tiết giảng viên vẫn cho phép chỉnh sửa.,-,- Màn hình không có nút chức năng Xem chi tiết,"Tab ""Thông tin"" được phép chỉnh sửa tại màn hình Xem chi tiết",QLGVTG_07.jpg,QLGVTG_07_v2.jpg
Tuần 2,382,QLTVV_02,QLTVV,,Kiểm tra hiển thị bảng danh sách,Có — vòng 2 chấm Fail,Fail,Fail,dev done,dev done,CON_FAIL_V2,"Cột Điểm ĐG tràn đè cột Trạng thái, hiển thị không đồng nhất; nút Xem, Sửa bị xuống dòng.",-,- Trường thông tin Điểm đánh giá hiển thị không giống với thiết kế - Trường thông tin Loại viết tắt - Hệ thống không mặc định sắp xếp theo ngày công nhận mới nhất,"- Dữ liệu cột Điểm ĐG bị tràn/đè lên cột Trạng thái - Dữ liệu cột Điểm ĐG hiển thị không đồng nhất: chưa có điểm hiển thị ""-/5"" nhưng có điểm hiển thị số sao - Các nút thao tác Xem, Sửa bị xuống dòng.",QLTVV_02.webm,QLTVV_02_v2.png
Tuần 2,402,QLTVV_24,QLTVV,,Sửa Dữ liệu hợp lệ,Có — vòng 2 chấm Fail,Fail,Fail,dev done,dev done,CON_FAIL_V2,Xóa file ảnh chân dung đính kèm báo Lỗi hệ thống. Vui lòng thử lại sau.,-,"Hệ thống hiển thị thông báo ""Chỉ chấp nhận file pdf"" mặc dù file tải lên đúng định dạng quy định","Khi nhấn Xóa file ảnh chân dung đính kèm, hệ thống hiển thị thông báo ""Lỗi hệ thống. Vui lòng thử lại sau""",QLTVV_24.webm,QLTVV_24_v2.jpg
Tuần 2,415,DKTGMLTVV_02,DKTGMLTVV,,Kiểm tra hiển thị Nhóm 1 Thông tin cá nhân,Có — vòng 2 chấm Fail,Fail,Fail,dev done,dev done,CON_FAIL_V2,Nhóm 1 Thông tin cá nhân ứng viên thiếu trường Đơn vị quản lý.,-,"- Dữ liệu trường thông tin Loại, Giới tính không giống với thiết kế - Khi upload ảnh hệ thống không hiển thị bản xem trước","- Nhóm 1 — Thông tin cá nhân ứng viên: Thiếu trường thông tin ""Đơn vị quản lý""",DKTGMLTVV_02.webm,DKTGMLTVV_02_v2.jpg
Tuần 2,416,DKTGMLTVV_03,DKTGMLTVV,,Kiểm tra hiển thị Nhóm 2 Thông tin nghề nghiệp,Có — vòng 2 chấm Fail,Fail,Fail,dev done,dev done,CON_FAIL_V2,Nhóm 2 Thông tin chuyên môn hiển thị nhiều trường hơn mức SRS quy định.,-,"Màn hình hiển thị thiếu trường thông tin Chứng chỉ hành nghề, Mô tả kinh nghiệm","- Nhóm 2 — Thông tin chuyên môn: SRS quy định chỉ hiển thị các trường Trình độ chuyên môn, Chuyên ngành đào tạo, Số năm kinh nghiệm. Nhưng hệ thống hiển thị nhiều hơn",DKTGMLTVV_03.webm,DKTGMLTVV_03_v2.jpg
Tuần 2,428,CNHSNLTVV_02,CNHSNLTVV,,Kiểm tra hiển thị các trường thông tin,Có — vòng 2 chấm Fail,Fail,Fail,dev done,dev done,CON_FAIL_V2,Màn hình chi tiết khác màn hình cập nhật; trường Mô tả kinh nghiệm không hiển thị giá trị hiện tại.,-,Màn hình hiển thị các trường thông tin không giống với thiết kế,"- Màn hình chi tiết hiển thị các trường thông tin không giống với màn hình cập nhật - Khi nhấn Cập nhật, trường thông tin Mô tả kinh nghiệm không hiển thị giá trị hiện tại mặc dù tồn tại dữ liệu",CNHSNLTVV_02.webm,CNHSNLTVV_02_v2.webm
Tuần 2,432,QLHSTVV_03,QLHSTVV,,"Kiểm tra hiển thị Thẻ ""Hồ sơ"" nội dung chỉ xem, tổ chức thành 5 nhóm thu gọn",Có — vòng 2 chấm Fail,Fail,Fail,dev done,dev done,CON_FAIL_V2,Nhóm 2 thừa trường Số quyết định công nhận; Nhóm 3 Tổ chức thừa trường Địa bàn.,-,- 5 nhóm thông tin không giống với thiết kế,- Nhóm 2 thông tin nghề nghiệp thừa trường Số quyết định (công nhận) - Nhóm 3 — Tổ chức thừa trường Địa bàn,QLHSTVV_03.webm,QLHSTVV_03_v2.jpg
Tuần 2,433,QLHSTVV_05,QLHSTVV,,"Kiểm tra hiển thị thẻ ""Thẩm định"" khi người dùng là Người hỗ trợ hoặc Doanh nghiệp.",Có — vòng 2 chấm Fail,Fail,Fail,dev done,dev done,CON_FAIL_V2,"Nhấn Xem chi tiết hồ sơ, hệ thống điều hướng sang màn hình 403 Forbidden.",-,"Hệ thống hiển thị thẻ ""Thẩm định""","Khi nhấn xem chi tiết hệ thống điều hướng đến màn hình thông báo ""403-Forbidden""",QLHSTVV_05.jpg,QLHSTVV_05_v2.webm
Tuần 2,445,TDHSTVV_08,TDHSTVV,,Lưu nháp,Có — vòng 2 chấm Fail,Fail,Fail,dev done,dev done,CON_FAIL_V2,Lưu nháp không lưu giá trị mà chuyển trạng thái bản ghi sang Đang thẩm định.,-,Hệ thống không hiển thị thông báo và không lưu giá trị đã nhập,"Hệ thống không lưu nháp mà thực hiện cập nhật trạng thái của bản ghi là ""Đang thẩm định""",TDHSTVV_08.webm,TDHSTVV_08_v2.webm
Tuần 2,450,TDHSTVV_14,TDHSTVV,,"Gửi kết quả thẩm định Kết luận ""Không đạt""",Có — vòng 2 chấm Fail,Fail,Fail,dev done,dev done,CON_FAIL_V2,Từ chối hồ sơ: Người hỗ trợ không nhận được thông báo kèm lý do.,-,"- Hệ thống hiển thị thông báo ""Dữ liệu đã bị thay đổi, vui lòng tải lại"" nhưng khi tải lại dữ liệu vẫn là dữ liệu cũ",Người hỗ trợ không nhận được thông báo kèm lý do,TDHSTVV_14.webm,TDHSTVV_14_v2.webm
Tuần 3,563,XNTGHTVV_03,XNTGHTVV,,Từ chối thành công,Có — vòng 2 chấm Fail,Fail,Fail,dev done,,CON_FAIL_V2,"Từ chối tham gia vụ việc xong, cán bộ nghiệp vụ phụ trách không nhận được thông báo kèm lý do từ chối.",-,"Hệ thống chuyển hướng đến màn hình thông báo lỗi 403 ""Vụ việc không được phân công cho bạn"" mặc dù vụ việc được phân công cho tư vấn viên, sau đó hệ thống cập nhật trạng thái của bản ghi là ""Chờ phê duyệt""",Cán bộ nghiệp vụ phụ trách không nhận được thông báo kèm lý do từ chối.,XNTGHTVV_03.webm,XNTGHTVV_03_v2.webm
Tuần 3,617,QLHSDNHTCP_03,QLHSDNHTCP,,Kiểm tra Cột dữ liệu trong bảng kết quả,Có — vòng 2 chấm Fail,Fail,Fail,dev done,,CON_FAIL_V2,Bảng danh sách: dữ liệu cột Mức cảnh báo thời hạn bị tràn sang cột Ngày nộp.,-,Cột thông tin Mức cảnh báo thời hạn không giống với thiết kế,"Dữ liệu cột ""Mức cảnh báo thời hạn"" bị tràn sang cột ""Ngày nộp""",QLHSDNHTCP_03.jpg,QLHSDNHTCP_03_v2.png
Tuần 3,736,LKHDG_16,LKHDG,,"""Sửa""",Có — vòng 2 chấm Fail,Fail,Fail,dev done,,CON_FAIL_V2,Sửa đợt đánh giá: không hiển thị danh sách tệp đính kèm dù dữ liệu tồn tại.,-,- Các trường thông tin không được chỉnh sửa - Breadcrum hiển thị đường dẫn là Trang chủ/Đánh giá hiệu quả/Kế hoạch đánh giá/Chi tiết,Không hiển thị danh sách các tệp đính kèm mặc dù tồn tại dữ liệu,LKHDG_16.jpg,LKHDG_16.webm
Tuần 3,1209,QLDKTK_01,QLDKTK,Quản lý đăng ký tài khoản,Quản lý đăng ký tài khoản trên hệ thống,Có — vòng 2 chấm Fail,Fail,Fail,,,CON_FAIL_V2,Đăng ký tài khoản báo Mã số thuế đã tồn tại trong hệ thống dù mã số thuế chưa tồn tại.,-,Một số trường thông tin không giống với tài liệu,"Hệ thống hiển thị thông báo ""Mã số thuế đã tồn tại trong hệ thống"" mặc dù MST chưa tồn tại trong hệ thống",QLDKTK_02.webm,QLDKTK_01_v2.webm
Tuần 3,1449,QLNDTVVCG_23,QLNDTVVCG,,Phân công thành công,Có — vòng 2 chấm Fail,Fail,Fail,Resoved,,CON_FAIL_V2,"Phân công chuyên gia xong, hệ thống không gửi thông báo tới doanh nghiệp về việc yêu cầu tư vấn đã được phân công.",-,"Hệ thống hiển thị thông báo ""Phân công thất bại""","- Hệ thống không Gửi thông báo tới doanh nghiệp: ""Yêu cầu tư vấn của bạn đã được phân công cho {tên chuyên gia}"".",QLNDTVVCG_23.webm,QLNDTVVCG_23_v2(3).jpg
Tuần 1,116,QLTNXLHDVM_07,QLTNXLHDVM,,Xem danh sách đã xử lý — Read-only,Có — vòng 2 chấm Pass,Fail,Pass,dev done,,MAU_THUAN,"Tab Hoàn thành không gồm DA_DUYET và CONG_KHAI như kỳ vọng; dev coi là yêu cầu cải tiến, chưa fix","DEV phản hồi lần 1 nói lệch kỳ vọng và đề xuất cải tiến, nhưng vòng 2 vẫn chấm Pass","Không có cột bổ sung Người duyệt, Ngày duyệt","- Chỉ hiển thị `trang_thai IN (DA_DUYET, CONG_KHAI, HOAN_THANH)`. - Read-only: KHÔNG có nút [Thêm mới], [Sửa], [Xóa]. - Cột bổ sung: `nguoi_duyet`, `ngay_duyet`.",QLTNXLHDVM_07.jpg,QLTNXLHDVM_07_v2.jpg
Tuần 2,399,QLTVV_20,QLTVV,,Kiểm tra hiển thị và các nút tương tác khi tải tệp lên hệ thống thành công,Có — vòng 2 chấm Pass,Fail,Pass,dev done,,MAU_THUAN,"Danh sách tệp đã tải không hiển thị dung lượng và các nút xem, tải lại.",Trạng thái 2=Pass nhưng Kết quả thực tế lần 2 vẫn ghi nguyên lỗi vòng 1.,Danh sách tệp đã tải không hiển thị dung lượng và các nút xem / tải lại.,Danh sách tệp đã tải không hiển thị dung lượng và các nút xem / tải lại.,QLTVV_20.webm,QLTVV_19_v2.jpg
Tuần 2,449,TDHSTVV_13,TDHSTVV,,"Gửi kết quả thẩm định Kết luận ""Yêu cầu bổ sung""",Có — TKM ghi ngày test lại nhưng bỏ trống ô Trạng thái 2,Fail,,Reopent,,MAU_THUAN,"Gửi kết luận Yêu cầu bổ sung: không hiển thị thông báo, Người hỗ trợ không nhận thông báo kèm lý do.",Trạng thái 2 trống nhưng TKM ghi đã retest 25/7 và lỗi vẫn còn.,- Hệ thống không hiển thị thông báo,,TDHSTVV_13.webm,
Tuần 2,454,PDHSTVV_01,PDHSTVV,Phê duyệt hồ sơ tư vấn viên,CB Phê duyệt xem xét và phê duyệt hồ sơ đã thẩm định để công nhận Tư vấn viên.,Chưa test lại,Fail,,Resoved,,MAU_THUAN,"Phê duyệt xong hồ sơ về trạng thái Chờ kích hoạt tài khoản, không gửi thông báo cho chủ hồ sơ.",TKM ghi uc này pass nhưng Trạng thái=Fail; dòng PDHSTVV_06 (row 459) cũng đang Fail.,"- Hệ thống chuyển hồ sơ sang trạng thái ""Chờ kích hoạt tài khoản"" - Không gửi thông báo đến chủ hồ sơ - Thông báo hiển thị không giống với thiết kế",,PDHSTVV_06.webm,
Tuần 2,509,NHSYC_02,NHSYC,,Kiểm tra hiển thị các trường thông tin trong form nhập thủ công,Có — TKM ghi ngày test lại nhưng bỏ trống ô Trạng thái 2,Fail,,Reopent,,MAU_THUAN,"Form nhập hồ sơ sai thiết kế: Loại hình hỗ trợ 6 giá trị, Lĩnh vực thiếu Khác, thiếu Thời điểm phát sinh.",Trạng thái 2 trống nhưng TKM ghi retest 29/7 lỗi vẫn chưa được fix.,"- Nhóm 1 — Thông tin Doanh nghiệp hiển thị trường thông tin không giống với thiết kế - Nhóm 2- Nội dung yêu cầu: +""Loại hình hỗ trợ"" theo thiết kế có 4 giá trị nhưng hệ thống hiển thị 6 giá trị +""Lĩnh vực pháp lý"" theo thiết kế có 8 giá trị nhưng hệ thống hiển thị 7 giá trị, thiếu giá trị ""Khác"" +Nội dung vụ việc/vướng mắc đang là 2 trường thông tin riêng, theo thiết kế là 1 trường thông tin +Thiếu trường thông tin ""Thời điểm phát sinh"" - Nhóm 3 — Tài liệu Đính kèm thiếu trường thông tin ""Hướng dẫn hồ sơ cần nộp"" - Nhóm 4 — Thông tin Tiếp nhận: thiếu trường thông tin ""Ngày tiếp nhận"", ""Ghi chú tiếp nhận"" và ""Kênh tiếp nhận"" giá trị không đúng với thiết kế",,NHSYC_02.webm,
Tuần 2,512,NHSYC_05,NHSYC,,Kiểm tra giới hạn ký tự nhập các trường thông tin,Có — vòng 2 chấm Pass,Fail,Pass,dev done,,MAU_THUAN,"Nội dung vụ việc cho phép nhập tối đa 50.000 ký tự, vượt giới hạn 10.000 ký tự.","Trạng thái 2=Pass nhưng kết quả lần 2 vẫn ghi 50.000 ký tự, sai kỳ vọng 10.000.",Nội dung vụ việc hệ thống cho phép tối đa 50.000 ký tự,Nội dung vụ việc hệ thống cho phép tối đa 50.000 ký tự,NHSYC_05.jpg,NHSYC_05_v2.jpg
Tuần 2,529,KTHSYCHTPL_11,KTHSYCHTPL,,Kiểm tra nút chức năng Hoàn tất kiểm tra khi chọn kết luận Đạt,Có — TKM ghi ngày test lại nhưng bỏ trống ô Trạng thái 2,Fail,,dev done,,MAU_THUAN,"Màn hình không có nút Hoàn tất kiểm tra, chỉ hiển thị nút Kiểm tra lại.",Trạng thái 2 trống nhưng TKM ghi retest 29/7 lỗi chưa được fix.,"Màn hình không hiển thị nút chức năng ""Hoàn tất kiểm tra"" mà hiển thị nút chức năng Kiểm tra lại",,KTHSYCHTPL_11.jpg,
Tuần 3,792,PDBCDG_01,PDBCDG,Phê duyệt báo cáo đánh giá,Lãnh đạo CQQLNN xem xét và phê duyệt báo cáo đánh giá.,Có — vòng 2 chấm Pass,Fail,Pass,dev done,,MAU_THUAN,"Phê duyệt báo cáo đánh giá: không gửi thông báo cho CBNV, thông báo thành công thiếu nội dung Đợt đánh giá hoàn thành",TKM phản hồi lần 1 retest 27/7 ghi Lỗi chưa được fix nhưng Trạng thái 2 Pass,"- Hệ thống không gửi thông báo cho CBNV - Thông báo thành công hiển thị thiếu ""Đợt đánh giá hoàn thành""","- Hiển thị cửa sổ xác nhận. + Sau khi xác nhận, chuyển trạng thái đợt đánh giá từ ""Chờ phê duyệt"" sang ""Hoàn thành"". + Ghi người duyệt, thời gian. + Hiển thị màn hình kết quả phê duyệt (trạng thái, người duyệt, thời gian). + Gửi thông báo kết quả cho Cán bộ nghiệp vụ. + Lưu vết thao tác theo quy định. - Hệ thống hiển thị thông điệp ""Đã phê duyệt báo cáo. Đợt đánh giá hoàn thành"".",PDBCDG_01.webm,"PDBCDG_01_v2.jpg 
PDBCDG_01_v2(2).jpg"
Tuần 3,795,PDBCDG_04,PDBCDG,,Từ chối báo cáo thành công,Có — vòng 2 chấm Pass,Fail,Pass,dev done,,MAU_THUAN,Từ chối báo cáo đánh giá: hệ thống không gửi thông báo kèm lý do cho Cán bộ nghiệp vụ,TKM phản hồi lần 1 retest 27/7 ghi Lỗi chưa được fix nhưng Trạng thái 2 Pass,Hệ thống không gửi thông báo cho CBNV,"- Hệ thống hiển thị thông điệp ""Đã từ chối báo cáo"". - Lưu lý do từ chối. + Chuyển trạng thái đợt đánh giá từ ""Chờ phê duyệt"" sang ""Báo cáo"". + Ghi người từ chối, thời gian. + Hiển thị màn hình kết quả (trạng thái mới, lý do). + Gửi thông báo kèm lý do cho Cán bộ nghiệp vụ. + Lưu vết thao tác theo quy định.",PDBCDG_04.webm,"PDBCDG_04_v2(2).jpg 
PDBCDG_04_v2.jpg"
Tuần 3,842,QLBMHD_03,QLBMHD,,"Kiểm tra nút chức năng ""+ Thêm mới""",Có — vòng 2 chấm Pass,Fail,Pass,dev done,,MAU_THUAN,Form thêm biểu mẫu thiếu trường Cơ quan ban hành khi bật công tắc Công khai (phần tệp đính kèm đã pass),TKM retest 27/7 lần 1 còn ghi thiếu trường Cơ quan ban hành nhưng Trạng thái 2 Pass,"- Khi bật công tắc Công khai, form thêm mới thiếu trường thông tin Cơ quan ban hành - Tệp đính kèm công khai cho phép tệp định dạng không đúng với thiết kế(Thiết kế cho phép PDF, DOC, DOCX, XLS, XLSX - Hệ thống hiện tại cho phép cả tệp định dạng .jpg, .png, .gif)","Hệ thống mở biểu mẫu tạo biểu mẫu với các trường: Thư mục, Tên biểu mẫu, Loại hình, Lĩnh vực, Mô tả, Tệp đính kèm, Thứ tự hiển thị, công tắc ""Công khai trên Cổng PLQG"" (khi bật hiển thị thêm Ảnh đại diện công khai, Mô tả công khai, Tệp đính kèm công khai), Cơ quan ban hành (chỉ đọc, tự gán theo đơn vị của người đăng nhập).",QLBMHD_03.jpg,QLBMHD_03_v2.jpg
Tuần 3,1204,QLDX_02,QLDX,,Kiểm tra Hộp thoại xác nhận đăng xuất,Có — vòng 2 chấm Pass,Fail,Pass,dev done,,MAU_THUAN,Đăng xuất: hệ thống không hiển thị hộp thoại xác nhận Bạn có chắc muốn đăng xuất khỏi hệ thống,TKM retest 28/7 lần 1 vẫn ghi không hiển thị hộp thoại xác nhận nhưng Trạng thái 2 Pass,Hệ thống không hiển thị hộp thoại xác nhận,"- Thông báo xác nhận Nội dung: ""Bạn có chắc muốn đăng xuất khỏi hệ thống?"". - Nút ""Đồng ý"", Nút ""Hủy""",QLDX_02.webm,QLDX_02_v2.jpg
Tuần 3,1210,QLDKTK_02,QLDKTK,,Kiểm tra Thông tin doanh nghiệp,Có — vòng 2 chấm Pass,Fail,Pass,dev done,,MAU_THUAN,Form đăng ký tài khoản thiếu trường Tệp đính kèm; trường Doanh thu VNĐ sai tên so với SRS là Doanh thu năm,TKM phản hồi lần 1 retest 28/7 ghi Lỗi chưa được fix nhưng Trạng thái 2 Pass,"- Thiếu trường thông tin ""Tệp đính kèm"" - Tên trường thông tin ""Doanh thu (VNĐ)"" không giống với thiết kế(Theo tài liệu SRS tên trường là ""Doanh thu năm"")","- Hệ thống hiển thị các trường thông tin giống với thiết kế - Dữ liệu hiển thị đúng định dạng và trường thông tin - Dữ liệu hiển thị không bị tràn/đè lên nhau, đồng nhất ngôn ngữ hiển thị",QLDKTK_02.webm,QLDKTK_02_v2.jpg
Tuần 3,1211,QLDKTK_03,QLDKTK,,Kiểm tra Thông tin tài khoản,Có — vòng 2 chấm Pass,Fail,Pass,dev done,,MAU_THUAN,Màn hình đăng ký thiếu trường Tên đăng nhập; thừa trường Họ và tên người đăng ký và Số điện thoại so với SRS,TKM phản hồi lần 1 retest 28/7 ghi Lỗi chưa được fix nhưng Trạng thái 2 Pass,"- Thiếu trường thông tin ""Tên đăng nhập"" - Màn hình có trường thông tin ""Họ và tên người đăng ký"", ""Số điện thoại"" nhưng SRS không yêu cầu 2 trường này","- Hệ thống hiển thị các trường thông tin giống với thiết kế - Dữ liệu hiển thị đúng định dạng và trường thông tin - Dữ liệu hiển thị không bị tràn/đè lên nhau, đồng nhất ngôn ngữ hiển thị",QLDKTK_03.webm,QLDKTK_03_v2.jpg
Tuần 3,1326,VVTLV_01,VVTLV,Báo cáo thông kê vụ việc theo lĩnh vực,"Thống kê số lượng vụ việc theo từng lĩnh vực pháp lý (Lao động, Thuế, Đất đai...).",Có — vòng 2 chấm Pass,Fail,Pass,dev done,,MAU_THUAN,Báo cáo vụ việc theo lĩnh vực: số liệu biểu đồ và bảng tổng hợp không trùng khớp nhau,TKM phản hồi lần 1 retest 28/7 ghi Lỗi chưa được fix nhưng Trạng thái 2 Pass,Số liệu biểu đồ và bảng tổng hợp không trùng khớp nhau,"Có dữ liệu, hệ thống hiển thị khu vực kết quả gồm các chỉ số tổng hợp, biểu đồ và bảng tổng hợp theo đơn vị.",VVTLV_01.jpg,VVTLV_01_v2.jpg
Tuần 3,1479,QLHSPLDN_01,QLHSPLDN,Quản lý hồ sơ pháp lý doanh nghiệp,"Quản lý các tài liệu, hồ sơ pháp lý liên quan của DNNVV trong quá trình tư vấn.",Chưa test lại,Fail,,,,MAU_THUAN,"Biểu mẫu thêm mới hồ sơ pháp lý thiếu trường Lĩnh vực pháp lý, Mô tả, Tệp đính kèm và thừa trường Số/ký hiệu.",TKM phản hồi lần 1 ghi uc pass nhưng Trạng thái vẫn Fail và Trạng thái 2 để trống.,"- Biểu mẫu thêm mới thiếu các trường thông tin: Lĩnh vực pháp lý, Mô tả, Tệp đính kèm - Biểu mẫu thêm mới trên hệ thống hiển thị trường thông tin Số/ký hiệu nhưng tài liệu SRS không có trường thông tin này",,QLHSPLDN_03.webm,
Tuần 1,62,TMHDVMPL_12,TMHDVMPL,,Upload JPG,Chưa test lại,Fail,,dev done,,CHUA_RETEST_V2,Upload file JPG: kỳ vọng hệ thống báo lỗi nhưng thực tế upload thành công,-,Hệ thống upload file thành công,,TMHDVMPL_12.jpg,
Tuần 1,66,TMHDVMPL_16,TMHDVMPL,,Tổng >100MB,Chưa test lại,Fail,,dev done,,CHUA_RETEST_V2,Tải tệp tổng dung lượng vượt 100MB: kỳ vọng báo lỗi nhưng hệ thống không thông báo lỗi,-,Hệ thống không thông báo lỗi,,TMHDVMPL_16.jpg,
Tuần 1,207,TTCTDTTH_17,TTCTDTTH,,Đang thực hiện,Chưa test lại,Fail,,dev done,,CHUA_RETEST_V2,Chương trình Đã duyệt có khóa học Đang diễn ra/Đã công khai nhưng không tự chuyển trạng thái sang Đang thực hiện,-,"Chương trình ở trạng thái ""Đã duyệt"" và có ít nhất 1 khóa học ở trạng thái ""Đang diễn ra""/""Đã công khai"" nhưng hệ thống không tự động chuyển trạng thái của chương trình sang ""Đang thực hiện""",,TTCTDTTH_17.webm,
Tuần 1,208,TTCTDTTH_18,TTCTDTTH,,Hoàn thành,Chưa test lại,Fail,,dev done,,CHUA_RETEST_V2,Chương trình Đã duyệt có khóa học Hoàn thành nhưng không tự chuyển trạng thái chương trình sang Hoàn thành,-,"Chương trình ở trạng thái ""Đã duyệt"" và có ít nhất 1 khóa học ở trạng thái ""Hoàn thành"" nhưng hệ thống không tự động chuyển trạng thái của chương trình sang ""Hoàn thành""",,TTCTDTTH_18.webm,
Tuần 1,243,QLDKDTTH_07,QLDKDTTH,,Duyệt học viên khi khoá học đã đóng đăng ký,Chưa test lại,Fail,,dev done,,CHUA_RETEST_V2,Duyệt học viên khi khóa học đã đóng đăng ký: hệ thống báo thành công thay vì từ chối thao tác,-,Hệ thống hiển thị thông báo thành công,,QLDKDTTH_07.webm,
Tuần 2,247,DKTGKH_01,DKTGKH,Đăng ký tham gia học tập,Đăng ký tham gia các khóa học.,Chưa test lại,Fail,,,,CHUA_RETEST_V2,Khóa học đã Công khai và Đang diễn ra nhưng không hiển thị trên Chuyên trang để doanh nghiệp đăng ký.,-,"Khóa học đã ở trạng thái Công khai và Đang diễn ra, thời gian khóa học hợp lệ nhưng khóa học không hiển thị trên Chuyên trang để DN thực hiện đăng ký",,DKTGKH_01_v2.webm,
Tuần 2,260,KTDGKQHT_02,KTDGKQHT,,Kiểm tra dữ liệu hiển thị trong mỗi tab,Chưa test lại,Fail,,,,CHUA_RETEST_V2,"Tab Kết quả kiểm tra thiếu các trường Số buổi có mặt, vắng có phép, vắng không phép, tổng số buổi.",-,"Tab ""Kết quả kiểm tra"" hiển thị thiếu các trường thông tin: Số buổi có mặt, Số buổi vắng có phép, Số buổi vắng không phép, Tổng số buổi",,"KTDGKQHT_02_v2.jpg 
KTDGKQHT_02_v2(2).jpg",
Tuần 2,281,QLKTLBG_09,QLKTLBG,,Xem bài giảng/tài liệu chứa Slide,Chưa test lại,Fail,,,,CHUA_RETEST_V2,Xem bài giảng dạng Slide: hệ thống tải tệp xuống thay vì trình chiếu inline.,-,"Hệ thống thực hiện tải xuống slide, không trình chiếu inline",,QLKTLBG_09_v2.webm,
Tuần 2,300,QLNHCH_02,QLNHCH,,Kiểm tra hiển thị Thẻ thống kê tổng quan,Chưa test lại,Fail,,Reopent,Resoved,CHUA_RETEST_V2,Màn hình Ngân hàng câu hỏi không hiển thị Thẻ thống kê tổng quan theo thiết kế.,-,Hệ thống không hiển thị Thẻ thống kê tổng quan theo thiết kế,,QLNHCH_02.jpg,
Tuần 2,302,QLNHCH_04,QLNHCH,,Kiểm tra nút chức năng Thêm mới,Chưa test lại,Fail,,Reopent,Resoved,CHUA_RETEST_V2,Form Thêm mới câu hỏi: trường Trạng thái hiển thị danh sách giá trị không đúng thiết kế.,-,Trường thông tin Trạng thái hiển thị danh sách chọn không đúng với thiết kế,,QLNHCH_04.webm,
Tuần 2,337,QLDXDTTH_01,QLDXDTTH,"Quản lý đề xuất đào tạo, tập huấn",Quản lý các đề xuất tổ chức đào tạo/tập huấn từ các đơn vị/cá nhân khác nhau.,Chưa test lại,Fail,,,,CHUA_RETEST_V2,Gửi đề xuất báo thành công nhưng đề xuất không hiển thị trên màn hình danh sách.,-,Hệ thống hiển thị thông báo thành công nhưng đề xuất không hiển thị trên màn hình,,QLDXDTTH_01_v2.webm,
Tuần 2,339,QLDXDTTH_03,QLDXDTTH,,Xem chi tiết đề xuất,Chưa test lại,Fail,,dev done,,CHUA_RETEST_V2,Màn hình đề xuất đào tạo không có chức năng Xem chi tiết.,-,Màn hình không có chức năng Xem chi tiết,,QLDXDTTH_03.webm,
Tuần 2,342,QLDXDTTH_06,QLDXDTTH,,"Xóa đề xuất ở trạng thái ""Mới"" và do chính Doanh nghiệp hoặc Người hỗ trợ đang đăng nhập đã tạo",Chưa test lại,Fail,,dev done,,CHUA_RETEST_V2,Xóa đề xuất trạng thái Mới: hệ thống không hiển thị thông báo xóa thành công.,-,Hệ thống không hiển thị thông báo xóa thành công,,QLDXDTTH_06.webm,
Tuần 2,345,QLDXDTTH_09,QLDXDTTH,,Kiểm tra Doanh nghiệp/Người hỗ trợ nhận thông báo,Chưa test lại,Fail,,Reopent,Resoved,CHUA_RETEST_V2,Doanh nghiệp/Người hỗ trợ không nhận được thông báo; đề xuất không được cập nhật trạng thái.,-,- Doanh nghiệp/Người hỗ trợ không nhận được thông báo - Đề xuất không được cập nhật trạng thái,,QLDXDTTH_09.webm,
Tuần 2,354,QLLKHDTBD_09,QLLKHDTBD,,Xuất Excel với điều kiện lọc,Chưa test lại,Fail,,,,CHUA_RETEST_V2,"Xuất Excel không theo điều kiện lọc, hệ thống xuất toàn bộ danh sách bài giảng.",-,Hệ thống xuất toàn bộ danh sách hiện có trên bảng danh sách,,QLLKHDTBD_09.webm,
Tuần 2,360,PDKHDTTH_04,PDKHDTTH,,Cán bộ phê duyệt khác cấp với người lập,Chưa test lại,Fail,,,,CHUA_RETEST_V2,Cán bộ khác cấp phê duyệt: hệ thống không hiển thị thông báo lý do từ chối.,-,Hệ thống không hiển thị thông báo để người dùng dễ dàng nhận biết lý do không phê duyệt được kế hoạch,,PDKHDTTH_04.jpg,
Tuần 2,375,CBKQDTBD_01,CBKQDTBD,Công bố kết quả đào tạo bồi dưỡng,"Cung cấp chức năng công bố kết quả, cập nhật kết quả vào tài khoản của học viên.",Chưa test lại,Fail,,,,CHUA_RETEST_V2,Màn hình chi tiết khóa học không có tab riêng Công bố kết quả.,-,"Màn hình chi tiết không có tab riêng""Công bố kết quả""",,CBKQDTBD_01.jpg,
Tuần 2,417,DKTGMLTVV_04,DKTGMLTVV,,Kiểm tra hiển thị Nhóm 3 Tổ chức và Mạng lưới,Chưa test lại,Fail,,,,CHUA_RETEST_V2,Nhóm 3 Lĩnh vực pháp luật và Tổ chức hiển thị nhiều trường hơn mức SRS quy định.,-,"- Nhóm 3 — Lĩnh vực pháp luật và Tổ chức: SRS quy định chỉ hiển thị các trường Lĩnh vực pháp luật đăng ký, Tổ chức tư vấn chủ quản. Nhưng hệ thống hiển thị nhiều hơn",,DKTGMLTVV_04_v2.jpg,
Tuần 2,418,DKTGMLTVV_05,DKTGMLTVV,,Kiểm tra hiển thị Nhóm 4 Tệp đính kèm,Chưa test lại,Fail,,,,CHUA_RETEST_V2,"Nhóm 4 Hồ sơ đính kèm: Tệp bằng cấp/chứng chỉ, Tệp thẻ hành nghề - ô kết quả không nêu rõ lỗi.",-,"- Nhóm 4 — Hồ sơ đính kèm: Tệp bằng cấp / chứng chỉ, Tệp thẻ hành nghề",,DKTGMLTVV_05_v2.jpg,
Tuần 2,431,QLHSTVV_02,QLHSTVV,,Kiểm tra hiển thị Khu vực thông tin đầu trang (thẻ giới thiệu tư vấn viên),Chưa test lại,Fail,,Reopent,Resoved,CHUA_RETEST_V2,"Thẻ đầu trang hồ sơ tư vấn viên thiếu các trường Loại, Tổ chức tư vấn, Lĩnh vực pháp luật.",-,"Không hiển thị các trường thông tin ""Loại"", ""Tổ chức tư vấn"", ""Lĩnh vực pháp luật""",,QLHSTVV_02.jpg,
Tuần 2,459,PDHSTVV_06,PDHSTVV,,Phê duyệt thành công,Chưa test lại,Fail,,Reopent,Resoved,CHUA_RETEST_V2,"Phê duyệt xong hồ sơ về trạng thái Chờ kích hoạt tài khoản, không gửi thông báo cho chủ hồ sơ.",-,"- Hệ thống chuyển hồ sơ sang trạng thái ""Chờ kích hoạt tài khoản"" - Không gửi thông báo đến chủ hồ sơ - Thông báo hiển thị không giống với thiết kế",,PDHSTVV_06.webm,
Tuần 2,461,PDHSTVV_08,PDHSTVV,,Từ chối khi nhập lý do hợp lệ,Chưa test lại,Fail,,dev done,,CHUA_RETEST_V2,Từ chối hồ sơ: hệ thống không gửi thông báo đến Cán bộ nghiệp vụ đã thẩm định.,-,Hệ thống không gửi thông báo đến Cán bộ nghiệp vụ đã thẩm định,,PDHSTVV_08.webm,
Tuần 2,462,CNDSMLTVV_01,CNDSMLTVV,Cập nhật danh sách mạng lưới tư vấn viên,Thực hiện cập nhật danh sách các tư vấn viên đã được phê duyệt lên Cổng công khai.,Chưa test lại,Fail,,,,CHUA_RETEST_V2,"Không mở cửa sổ nhập mô tả công khai, chỉ báo Mô tả công khai là bắt buộc.",-,"Hệ thống không mở cửa sổ nhập mà hiển thị thông báo ""Mô tả công khai là bắt buộc trước khi đẩy lên Cổng pháp luật quốc gia""",,CNDSMLTVV_01.jpg,
Tuần 2,473,DGTVV_05,DGTVV,,Kiểm tra hiển thị thông báo lỗi khi bỏ trống trường bắt buộc,Chưa test lại,Fail,,Resoved,,CHUA_RETEST_V2,Bỏ trống trường Vụ việc liên kết nhưng hệ thống không hiển thị thông báo lỗi.,-,Không hiển thị thông báo lỗi khi bỏ trống Vụ việc liên kết,,DGTVV_05.jpg,
Tuần 2,478,QLLSHTCTVV_03,QLLSHTCTVV,,Kiểm tra hiển thị Cột dữ liệu trong bảng danh sách vụ việc,Chưa test lại,Fail,,,,CHUA_RETEST_V2,Cột Đánh giá tràn màn hình; bảng danh sách vụ việc thiếu cột Trạng thái.,-,"- Cột ""Đánh giá"" bị tràn màn hình - Thiếu cột ""Trạng thái""",,QLLSHTCTVV_03.png,
Tuần 2,479,QLLSHTCTVV_04,QLLSHTCTVV,,Kiểm tra các trường thông tin tìm kiếm,Chưa test lại,Fail,,,,CHUA_RETEST_V2,Danh sách chọn Trạng thái thiếu giá trị so với định nghĩa của nhóm Quản lý vụ việc.,-,- Danh sách chọn Trạng thái chưa đủ giá trị theo định nghĩa của nhóm chức năng Quản lý vụ việc,,QLLSHTCTVV_04.jpg,
Tuần 2,508,NHSYC_01,NHSYC,Nhập hồ sơ yêu cầu,"Cung cấp giao diện cho CB Nghiệp vụ nhập hồ sơ yêu cầu hỗ trợ pháp lý thủ công (từ văn bản giấy, điện thoại...).",Chưa test lại,Fail,,,,CHUA_RETEST_V2,Tạo hồ sơ vụ việc báo lỗi ngayTiepNhan must be a valid ISO 8601 date string.,-,"Hệ thống hiển thị thông báo lỗi ""ngayTiepNhan must be a valid ISO 8601 date string""",,NHSYC_01.jpg,
Tuần 2,514,NHSYC_07,NHSYC,,Kiểm tra chức năng Lưu nháp,Chưa test lại,Fail,,Resoved,,CHUA_RETEST_V2,Lưu nháp vẫn bắt buộc nhập đủ trường và không giữ nguyên màn hình sau khi lưu.,-,- Hệ thống hiển thị kiểm tra bắt buộc nhập khi nhấn Lưu nháp - Hệ thống không giữ nguyên màn hình để người dùng tiếp tục nhập sau khi Lưu nháp thành công.,,NHSYC_07.webm,
Tuần 2,544,QLHSVV_07,QLHSVV,,Tải tệp,Chưa test lại,Fail,,,,CHUA_RETEST_V2,"Nhấn biểu tượng Tải xuống, hệ thống mở màn hình xem chi tiết thay vì tải tệp.",-,"Nhấn vào biểu tượng ""Tải xuống"" hệ thống hiển thị màn hình xem chi tiết",,QLHSVV_07.webm,
Tuần 2,548,TKHSYCHTPL_03,TKHSYCHTPL,,Tìm kiếm bộ lọc có kết quả,Chưa test lại,Fail,,,,CHUA_RETEST_V2,"Lọc Mức SLA Sắp hết hạn, hệ thống hiển thị thông báo lỗi.",-,"Khi chọn Mức SLA là ""Sắp hết hạn"" hệ thống hiển thị thông báo lỗi",,TKHSYCHTPL_03.webm,
Tuần 3,564,XNTGHTVV_04,XNTGHTVV,,Xác nhận thành công,Có — TKM ghi ngày test lại nhưng bỏ trống ô Trạng thái 2,Fail,,dev done,,CHUA_RETEST_V2,"Xác nhận tham gia vụ việc xong, cán bộ nghiệp vụ phụ trách không nhận được thông báo.",-,Cán bộ nghiệp vụ phụ trách không nhận được thông báo,,XNTGHTVV_04.webm,
Tuần 3,570,TBKQTNHS_01,TBKQTNHS,Thông báo kết quả tiếp nhận hồ sơ,Cung cấp chức năng gửi thông báo kết quả kiểm tra hồ sơ (Đạt/Không đạt) cho DNNVV.,Chưa test lại,Fail,,Resoved,,CHUA_RETEST_V2,Màn hình không cung cấp chức năng gửi thông báo kết quả kiểm tra hồ sơ Đạt/Không đạt cho doanh nghiệp.,-,Màn hình không hiển thị/cung cấp chức năng,,TBKQTNHS_01.webm,
Tuần 3,575,PDHSVV_02,PDHSVV,,Phê duyệt thành công,Có — TKM ghi ngày test lại nhưng bỏ trống ô Trạng thái 2,Fail,,dev done,,CHUA_RETEST_V2,Phê duyệt hồ sơ: không gửi thông báo cho cán bộ nghiệp vụ phụ trách; hiển thị sai thông tin Người duyệt.,-,"- Hệ thống không gửi thông báo cho cán bộ nghiệp vụ phụ trách hồ sơ - Lỗi hiển thị thông tin Người duyệt trong nhóm ""Phê duyệt""",,"PDHSVV_02.jpg
 PDHSVV_02.webm",
Tuần 3,592,CNKQHT_03,CNKQHT,,Kiểm tra hiển thị các trường thông tin Nhóm 6 – Kết quả hỗ trợ,Có — TKM ghi ngày test lại nhưng bỏ trống ô Trạng thái 2,Fail,,dev done,,CHUA_RETEST_V2,"Nhóm 6 Kết quả hỗ trợ: thiếu trường Tệp kết quả, thừa trường Kết luận, nội dung giới hạn 5000 ký tự thay vì 10.000.",-,"Các trường thông tin không giống với thiết kế: thiếu Tệp kết quả hỗ trợ, thừa trường thông tin Kết luận, nội dung chỉ cho phép tối đa 5000 ký tự (SRS yêu cầu cho phép tối đa 10.000 ký tự)",,CNKQHT_03.jpg,
Tuần 3,596,CNKQHT_07,CNKQHT,,Cập nhật thành công,Chưa test lại,Fail,,,,CHUA_RETEST_V2,Cập nhật kết quả hỗ trợ thành công nhưng cán bộ nghiệp vụ không nhận được thông báo.,-,CBNV không nhận được thông báo,,CNKQHT_07.webm,
Tuần 3,598,CNKQVV_02,CNKQVV,,Kiểm tra hiển thị các trường thông tin Nhóm 6 – Kết luận cuối,Có — TKM ghi ngày test lại nhưng bỏ trống ô Trạng thái 2,Fail,,dev done,,CHUA_RETEST_V2,Nhóm 6 Kết luận cuối: tên nút chức năng và các trường thông tin không giống thiết kế.,-,Tên nút chức năng và các trường thông tin không giống với thiết kế,,CNKQVV_02.jpg,
Tuần 3,603,DGKQHTVV_01,DGKQHTVV,Đánh giá kết quả hỗ trợ vụ việc,Cung cấp chức năng để CB Nghiệp vụ hoặc DNNVV đánh giá chất lượng của quá trình hỗ trợ và kết quả vụ việc.,Có — TKM ghi ngày test lại nhưng bỏ trống ô Trạng thái 2,Fail,,dev done,,CHUA_RETEST_V2,Không hiển thị nút Đánh giá kết quả hỗ trợ vụ việc dù bản ghi đang ở trạng thái phù hợp.,-,Hệ thống không hiển thị nút chức năng mặc dù bản ghi ở trạng thái phù hợp,,DGKQHTVV_01.jpg,
Tuần 3,697,QLDNDHTPL_13,QLDNDHTPL,,Thêm mới Nếu trường Tỉnh/Thành phố chưa nhập,Có — TKM ghi ngày test lại nhưng bỏ trống ô Trạng thái 2,Fail,,dev done,,CHUA_RETEST_V2,Thêm mới doanh nghiệp: trường Tỉnh/Thành phố không tự đặt mặc định theo đơn vị của cán bộ đăng nhập.,-,Hệ thống không đặt mặc định theo đơn vị của cán bộ đăng nhập,,QLDNDHTPL_13.webm,
Tuần 3,701,QLDNDHTPL_17,QLDNDHTPL,,Sắp xếp theo cột,Chưa test lại,Fail,,Reopent,Resoved,CHUA_RETEST_V2,Danh sách doanh nghiệp: bấm tiêu đề cột không sắp xếp tăng dần hay giảm dần.,-,Hệ thống không thực hiện sắp xếp khi nhấn vào tên cột,,QLDNDHTPL_17.jpg,
Tuần 3,707,QLDNDHTPL_23,QLDNDHTPL,,"Kiểm tra hiển thị Nhóm 1 — Thông tin doanh nghiệp (thẻ ""Thông tin cơ bản"")",Chưa test lại,Fail,,Reopent,Resoved,CHUA_RETEST_V2,Chi tiết doanh nghiệp: các trường Nhóm 1 Thông tin doanh nghiệp hiển thị không giống thiết kế.,-,Hệ thống hiển thị các trường thông tin Nhóm 1 không giống với thiết kế,,QLDNDHTPL_23.webm,
Tuần 3,708,QLDNDHTPL_24,QLDNDHTPL,,Kiểm tra hiển thị Nhóm 2 — Người đại diện,Chưa test lại,Fail,,Reopent,Resoved,CHUA_RETEST_V2,Chi tiết doanh nghiệp: các trường Nhóm 2 Người đại diện hiển thị không giống thiết kế.,-,Hệ thống hiển thị các trường thông tin Nhóm 2 không giống với thiết kế,,QLDNDHTPL_24.webm,
Tuần 3,709,QLDNDHTPL_25,QLDNDHTPL,,Kiểm tra hiển thị Nhóm 3 — Tiêu chí ưu tiên theo Nghị định 55/2019/NĐ-CP Điều 4,Chưa test lại,Fail,,Reopent,Resoved,CHUA_RETEST_V2,"Nhóm 3 Tiêu chí ưu tiên hiển thị Số lao động, Doanh thu, Tổng nguồn vốn — tài liệu yêu cầu đặt ở Nhóm 1.",-,"Hệ thống hiển thị các trường thông tin theo tài liệu yêu cầu phải hiển thị ở Nhóm 1: Số lao động, Doanh thu (VNĐ), Tổng nguồn vốn (VNĐ)",,QLDNDHTPL_25.jpg,
Tuần 3,711,QLDNDHTPL_27,QLDNDHTPL,,Kiểm tra hiển thị Nhóm 5 — Chỉ số tổng hợp (chỉ hiển thị ở chế độ xem chi tiết),Chưa test lại,Fail,,Reopent,Resoved,CHUA_RETEST_V2,Màn hình chi tiết doanh nghiệp không hiển thị Nhóm 5 Chỉ số tổng hợp.,-,Màn hình chi tiết không hiển thị Nhóm 5,,QLDNDHTPL_27.jpg,
Tuần 3,712,QLDNDHTPL_28,QLDNDHTPL,,"Kiểm tra hiển thị Nhóm 6 — Danh sách vụ việc liên kết (thẻ ""Lịch sử hỗ trợ"")",Chưa test lại,Fail,,Reopent,Resoved,CHUA_RETEST_V2,Nhóm 6 Lịch sử hỗ trợ: bảng vụ việc liên kết thiếu cột Lĩnh vực và Tư vấn viên.,-,"- Hệ thống hiển thị thiếu các cột thông tin: Lĩnh vực, Tư vấn viên",,QLDNDHTPL_28.jpg,
Tuần 3,717,TKDNHTPL_02,TKDNHTPL,,Kiểm tra Điều kiện tìm kiếm / bộ lọc,Chưa test lại,Fail,,dev done,,CHUA_RETEST_V2,"Bộ lọc doanh nghiệp: sai placeholder Lĩnh vực kinh doanh, không mặc định Tất cả, chỉ chọn được 1 lĩnh vực, thiếu ô Đơn vị.",-,"- Placeholder trường thông tin ""Lĩnh vực kinh doanh"" hệ thống đang hiển thị là ""Ngành nghề"" - Không đặt giá trị mặc định của các danh sách chọn Quy mô, Tỉnh/Thành phố, Lĩnh vực kinh doanh là tất cả - Lĩnh vực kinh doanh chỉ được chọn 1 giá trị - Không hiển thị trường thông tin Đơn vị đối với người dùng cấp Trung ương - Hệ thống hiển thị 1 trường thông tin tìm kiếm không có ý nghĩa",,TKDNHTPL_02.jpg,
Tuần 3,730,LKHDG_10,LKHDG,,Lưu nháp thành công,Chưa test lại,Fail,,Resoved,,CHUA_RETEST_V2,Lưu nháp đợt đánh giá thành công nhưng hệ thống không giữ người dùng ở màn hình chi tiết đợt.,-,- Hệ thống không giữ người dùng ở màn hình chi tiết đợt,,LKHDG_10.jpg,
Tuần 3,732,LKHDG_12,LKHDG,,Xuất Excel,Có — TKM ghi ngày test lại nhưng bỏ trống ô Trạng thái 2,Fail,,dev done,,CHUA_RETEST_V2,"Xuất Excel đợt đánh giá: sai tiêu chí lọc, thiếu cột Số vụ việc, Người tạo, Ngày tạo; nhiều cột hiển thị không dấu.",-,"- Hệ thống xuất danh sách không đúng với tiêu chí lọc - File excel xuất ra thiếu cột thông tin ""Số vụ việc"", ""Người tạo"", ""Ngày tạo"" - Thông tin các cột: Tần suất, Đối tượng, Trạng thái hiển thị không dấu",,LKHDG_12.webm,
Tuần 3,753,TLCTCDG_11,TLCTCDG,,"Kiểm tra lưu thành công, tổng trọng số khác 100%",Chưa test lại,Fail,,Reopent,InProcess,CHUA_RETEST_V2,"Lưu tiêu chí khi tổng trọng số khác 100%: hệ thống báo thành công, không hiển thị cảnh báo tổng trọng số hiện tại.",-,Hệ thống hiển thị thông báo thành công,,TLCTCDG_11.jpg,
Tuần 3,766,PCNTHDG_11,PCNTHDG,,Trình phê duyệt thành công,Có — TKM ghi ngày test lại nhưng bỏ trống ô Trạng thái 2,Fail,,dev done,,CHUA_RETEST_V2,Trình phê duyệt phân công đánh giá: không gửi thông báo cho cán bộ phê duyệt cùng đơn vị.,-,Hệ thống không gửi thông báo cho cán bộ phê duyệt cùng đơn vị,,PCNTHDG_11.jpg,
Tuần 3,767,PDPCDG_01,PDPCDG,Phê duyệt phân công đánh giá,Lãnh đạo CQQLNN phê duyệt danh sách người thực hiện đánh giá.,Có — TKM ghi ngày test lại nhưng bỏ trống ô Trạng thái 2,Fail,,dev done,,CHUA_RETEST_V2,"Phê duyệt phân công đánh giá xong, cán bộ nghiệp vụ không nhận được thông báo.",-,Cán bộ nghiệp vụ không nhận được thông báo,,PDPCDG_01.webm,
Tuần 3,771,PDPCDG_05,PDPCDG,,Từ chối thành công,Có — TKM ghi ngày test lại nhưng bỏ trống ô Trạng thái 2,Fail,,dev done,,CHUA_RETEST_V2,Từ chối phân công đánh giá: hệ thống không gửi thông báo kèm lý do từ chối.,-,Hệ thống không gửi thông báo kèm lý do cho cán bộ phê duyệt,,PDPCDG_05.webm,
Tuần 3,772,CVVDG_01,CVVDG,Chọn vụ việc đánh giá,"Lựa chọn các vụ việc cụ thể để tiến hành kiểm tra, đánh giá chất lượng.",Chưa test lại,Fail,,Resoved,,CHUA_RETEST_V2,Lưu vụ việc vào đợt đánh giá: nội dung thông báo hiển thị không giống thiết kế.,-,Hệ thống hiển thị thông báo không giống với thiết kế,,CVVDG_01.jpg,
Tuần 3,773,CVVDG_02,CVVDG,,Kiểm tra hiển thị các trường thông tin trong Chi tiết đợt đánh giá (tab Thực hiện — chế độ chọn vụ việc),Chưa test lại,Fail,,Resoved,,CHUA_RETEST_V2,"Bảng chọn vụ việc đánh giá thiếu cột Tên doanh nghiệp, Ngày hoàn thành, Cảnh báo trùng đợt.",-,"Hệ thống hiển thị thiếu các cột thông tin: Tên doanh nghiệp, Ngày hoàn thành, Cảnh báo trùng đợt",,CVVDG_02.jpg,
Tuần 3,789,TPDBC_01,TPDBC,Trình phê duyệt báo cáo đánh giá,Cung cấp quy trình để CB Nghiệp vụ trình Lãnh đạo CQQLNN phê duyệt báo cáo đánh giá.,Chưa test lại,Fail,,,,CHUA_RETEST_V2,"Trình phê duyệt báo cáo đánh giá xong, cán bộ phê duyệt không nhận được thông báo.",-,Cán bộ phê duyệt không nhận được thông báo,,TPDBC_01.webm,
Tuần 3,807,QLTMBMHD_10,QLTMBMHD,,"Kiểm tra hiển thị nút chức năng Sửa"" thư mục",Chưa test lại,Fail,,Resoved,,CHUA_RETEST_V2,Nút Sửa thư mục vẫn hiển thị với thư mục đang ở trạng thái Công khai.,-,Hiển thị nút chức năng đối với thư mục ở trạng thái Công khai,,QLTMBMHD_10.jpg,
Tuần 3,814,QLTMBMHD_17,QLTMBMHD,,Kiểm tra hiển thị nút chức năng Xóa hàng loạt,Chưa test lại,Fail,,Resoved,,CHUA_RETEST_V2,Xóa hàng loạt: vẫn cho tích chọn thư mục Công khai và thư mục còn chứa biểu mẫu.,-,Hệ thống cho phép tích chọn các thư mục ở trạng thái Công khai và các thư mục chứa biểu mẫu,,QLTMBMHD_17.webm,
Tuần 3,827,TKTMBMHD_07,TKTMBMHD,,Xóa bộ lọc,Chưa test lại,Fail,,Reopent,,CHUA_RETEST_V2,Xóa bộ lọc thư mục biểu mẫu: hệ thống không đưa tab phân loại về Tất cả.,-,"Không đưa về tab ""Tất cả""",,TKTMBMHD_07.webm,
Tuần 3,841,QLBMHD_02,QLBMHD,,Kiểm tra hiển thị các trường thông tin,Có — TKM ghi ngày test lại nhưng bỏ trống ô Trạng thái 2,Fail,,dev done,,CHUA_RETEST_V2,"Danh sách biểu mẫu thiếu ô chọn biểu mẫu và thiếu cột Cơ quan ban hành, Định dạng.",-,"- Thiếu Ô chọn biểu mẫu - Thiếu các cột thông tin: Cơ quan ban hành, Định dạng",,QLBMHD_02.jpg,
Tuần 3,851,QLBMHD_12,QLBMHD,,Kiểm tra hiển thị nút chức năng Sửa biểu mẫu,Chưa test lại,Fail,,Resoved,,CHUA_RETEST_V2,Nút Sửa biểu mẫu vẫn hiển thị với biểu mẫu đang ở trạng thái Công khai.,-,Nút chức năng hiển thị ở cả các biểu mẫu có trạng thái Công khai,,QLBMHD_12.jpg,
Tuần 3,868,IBMHD_02,IBMHD,,Kiểm tra hiển thị các trường thông tin,Chưa test lại,Fail,,Resoved,,CHUA_RETEST_V2,Màn hình nhập biểu mẫu hàng loạt thiếu ô Tệp Excel mô tả dữ liệu và nút Tải mẫu Excel.,-,"Màn hình không có ""Tệp Excel mô tả dữ liệu"" và nút ""Tải mẫu Excel"" để tải về mẫu mặc định.",,IBMHD_02.jpg,
Tuần 3,869,IBMHD_03,IBMHD,,"Kiểm tra chức năng ""Tải mẫu Excel""",Chưa test lại,Fail,,Resoved,,CHUA_RETEST_V2,Màn hình nhập hàng loạt không có nút Tải mẫu Excel để tải tệp XLSX mẫu.,-,Màn hình không có nút chức năng,,IBMHD_03.jpg,
Tuần 3,958,QLDMCQDVQL_05,QLDMCQDVQL,,Tìm kiếm không có kết quả,Chưa test lại,Fail,,Reopent,Resoved,CHUA_RETEST_V2,Tìm kiếm danh mục không có kết quả: hệ thống không hiển thị thông báo Không tìm thấy mục danh mục phù hợp.,-,Hệ thống không hiển thị thông báo,,QLDMCQDVQL_05.jpg,
Tuần 3,973,QLDMTCTV_02,QLDMTCTV,,Kiểm tra hiển thị Cột dữ liệu trong bảng kết quả,Chưa test lại,Fail,,,,CHUA_RETEST_V2,Bảng danh mục tiêu chí tư vấn viên thiếu ô chọn và cột STT.,-,Thiếu ô chọn và trường STT,,QLDMTCTV_02.jpg,
Tuần 3,976,QLDMTCTV_05,QLDMTCTV,,Chọn thẻ trạng thái,Chưa test lại,Fail,,,,CHUA_RETEST_V2,Thẻ trạng thái không hiển thị số đếm; thẻ Mới đăng ký thiếu nhãn đỏ; thẻ Chờ phê duyệt vẫn hiện với CBNV.,Dòng bị bỏ trống cột Tuần trên sheet; cột Trạng thái dev fix cũng trống.; ô Tuần trống trên sheet; suy ra Tuần 3 từ QLDMTCTV_04/_06 hai bên,"- Mỗi thẻ không hiển thị số đếm - Thẻ ""Mới đăng ký"" không có nhãn đỏ mặc dù tồn tại tổ chức chưa trình duyệt - Thẻ ""Chờ phê duyệt"" hiển thị đối với CBNV",,QLDMTCTV_05.jpg,
Tuần 3,977,QLDMTCTV_06,QLDMTCTV,,Kiểm tra các trường thông tin trên màn hình/popup thêm mới,Chưa test lại,Fail,,,,CHUA_RETEST_V2,"Popup thêm mới thiếu trường Số QĐ công bố, Ngày QĐ công bố, Tệp đính kèm.",-,"- Thiếu trường thông tin Số QĐ công bố, Ngày QĐ công bố, Tệp đính kèm",,QLDMTCTV_06.jpg,
Tuần 3,980,QLDMTCTV_09,QLDMTCTV,,Kiểm tra các trường thông tin trên màn hình/popup sửa,Chưa test lại,Fail,,,,CHUA_RETEST_V2,"Popup sửa thiếu trường Số QĐ công bố, Ngày QĐ công bố, Tệp đính kèm.",-,"- Thiếu trường thông tin Số QĐ công bố, Ngày QĐ công bố, Tệp đính kèm",,QLDMTCTV_09.jpg,
Tuần 3,996,QLDMLDN_13,QLDMLDN,,Kiểm tra các trường thông tin trên màn hình/popup sửa,Chưa test lại,Fail,,dev done,,CHUA_RETEST_V2,Popup sửa loại doanh nghiệp thừa trường Danh mục cha; trường Doanh thu bị đánh dấu bắt buộc dù tài liệu không yêu cầu.,-,"- Màn hình/popup sửa có trường thông tin ""Danh mục cha"" nhưng tài liệu SRS không có - Tiêu chí doanh thu SRS mô tả không bắt buộc nhưng hệ thống đánh dấu bắt buộc",,QLDMLDN_13.jpg,
Tuần 3,1037,QLCHTHXLHS_02,QLCHTHXLHS,,Kiểm tra hiển thị Thanh thẻ (tab) ở đầu trang,Có — TKM ghi ngày test lại nhưng bỏ trống ô Trạng thái 2,Fail,,Reopent,,CHUA_RETEST_V2,"Cấu hình xử lý hồ sơ: thiếu thẻ Phân công mặc định và Quy trình hỗ trợ, thừa thẻ Quản lý ngày lễ.",-,"- SRS yêu cầu 4 thẻ hiển thị: ""Thời hạn xử lý / SLA"", ""Phân công mặc định"", ""Mẫu phản hồi"", ""Quy trình hỗ trợ"" nhưng hiện tại hệ thống hiển thị 3 thẻ: ""Thời hạn xử lý / SLA"", ""Mẫu phản hồi"", ""Quản lý ngày lễ""",,QLCHTHXLHS_02.jpg,
Tuần 3,1038,QLCHTHXLHS_03,QLCHTHXLHS,,"Kiểm tra hiển thị Bảng cấu hình SLA (thẻ ""Thời hạn xử lý / SLA"")",Chưa test lại,Fail,,Reopent,,CHUA_RETEST_V2,"Bảng cấu hình SLA sai thiết kế: tách đôi cột Loại yêu cầu, gộp 2 mức cảnh báo, thiếu cột Quá hạn (%).",-,"- Bảng thông tin hiển thị không giống với tài liệu SRS mô tả + Tài liệu yêu cầu Loại yêu cầu là tên loại(1 cột) nhưng prototype đang tách riêng thành 2 cột, chỉ có 4 giá trị nhưng hệ thống đang hiển thị 6 giá trị + SRS có 2 cột riêng biệt là Cảnh báo mức 1 và mức 2 nhưng hệ thống hiển thị gộp chung là Vùng cảnh báo + Thiếu cột thông tin Quá hạn (%), Số ngày bổ sung tối đa, Khung cảnh báo giải thích mức SLA, Cảnh báo về ảnh hưởng khi lưu + SRS không có Hệ số quá hạn nhưng prototype có trường thông tin này",,QLCHTHXLHS_03.webm,
Tuần 3,1042,QLCHTHXLHS_07,QLCHTHXLHS,,Kiểm tra màn hình/popup chỉnh sửa khi nhấn vàp biểu tượng chỉnh sửa tại dòng,Có — TKM ghi ngày test lại nhưng bỏ trống ô Trạng thái 2,Fail,,Reopent,,CHUA_RETEST_V2,Popup sửa SLA thiếu trường Số ngày bổ sung tối đa và thừa trường Hệ số quá hạn.,-,"- Thiếu trường thông tin ""Số ngày bổ sung tối đa"" - SRS không có Hệ số quá hạn nhưng prototype có trường thông tin này",,QLCHTHXLHS_07.jpg,
Tuần 3,1067,QLDMTCDGHTCP_06,QLDMTCDGHTCP,,Kiểm tra các trường thông tin trên màn hình/popup thêm mới,Chưa test lại,Fail,,Reopent,dev done,CHUA_RETEST_V2,"Popup thêm mới sai nhãn trường Tỷ lệ phần trăm, Mức chi phí tối đa và thừa trường Danh mục cha.",-,"- Tên trường thông tin ""Tỷ lệ phần trăm"", ""Mức chi phí tối đa"" không giống với thiết kế - Màn hình/popup có trường thông tin """"Danh mục cha"""" nhưng tài liệu SRS không có",,QLDMTCDGHTCP_06.jpg,
Tuần 3,1073,QLDMTCDGHTCP_12,QLDMTCDGHTCP,,Kiểm tra các trường thông tin trên màn hình/popup sửa,Chưa test lại,Fail,,Reopent,dev done,CHUA_RETEST_V2,"Popup sửa sai nhãn trường Tỷ lệ phần trăm, Mức chi phí tối đa và thừa trường Danh mục cha.",-,"- Tên trường thông tin ""Tỷ lệ phần trăm"", ""Mức chi phí tối đa"" không giống với thiết kế - Màn hình/popup có trường thông tin """"Danh mục cha"""" nhưng tài liệu SRS không có",,QLDMTCDGHTCP_12.jpg,
Tuần 3,1108,QLVT_14,QLVT,,Sắp xếp theo cột,Chưa test lại,Fail,,Resoved,,CHUA_RETEST_V2,Danh sách vai trò: bấm tiêu đề cột không sắp xếp được tăng dần hay giảm dần.,-,Không thực hiện được sắp xếp theo cột thông tin,,QLVT_14.jpg,
Tuần 3,1114,QLTKND_03,QLTKND,,Kiểm tra Thẻ trạng thái (tab nhanh),Chưa test lại,Fail,,Reopent,,CHUA_RETEST_V2,Quản lý tài khoản hiển thị 6 thẻ tab thay vì 5; thẻ Chờ kích hoạt không có màu nhấn.,-,"Màn hình hiển thị 6 thẻ tab. Thẻ ""Chờ kích hoạt"" không có màu nhấn",,QLTKND_03.jpg,
Tuần 3,1117,QLTKND_06,QLTKND,,Tìm kiếm không có kết quả,Chưa test lại,Fail,,Reopent,Resoved,CHUA_RETEST_V2,Tìm kiếm tài khoản không có kết quả: hệ thống hiển thị Trống thay vì Không tìm thấy tài khoản phù hợp.,-,"Hệ thống hiển thị thông báo ""Trống""",,QLTKND_06.jpg,
Tuần 3,1136,QLTKND_25,QLTKND,,Sắp xếp theo cột,Chưa test lại,Fail,,Resoved,,CHUA_RETEST_V2,Danh sách tài khoản: bấm tiêu đề cột không sắp xếp được tăng dần hay giảm dần.,-,Không thực hiện được sắp xếp theo cột,,QLTKND_25.jpg,
Tuần 3,1138,QLTKND_27,QLTKND,,Gửi liên kết đặt lại mật khẩu,Chưa test lại,Fail,,Resoved,,CHUA_RETEST_V2,Màn hình quản lý tài khoản không có nút Gửi liên kết đặt lại mật khẩu.,-,Màn hình không hiển thị nút chức năng,,QLTKND_27.jpg,
Tuần 3,1203,QLDX_01,QLDX,Quản lý đăng xuất,Quản lý quy trình kết thúc phiên làm việc của người dùng.,Có — TKM ghi ngày test lại nhưng bỏ trống ô Trạng thái 2,Fail,,dev done,,CHUA_RETEST_V2,Đăng xuất: hệ thống về trang đăng nhập nhưng không hiển thị thông báo Đăng xuất thành công.,-,Hệ thống không hiển thị thông báo,,QLDX_01.webm,
Tuần 3,1205,QLDX_03,QLDX,,Tự động đăng xuất khi hết phiên,Có — TKM ghi ngày test lại nhưng bỏ trống ô Trạng thái 2,Fail,,Reopent,,CHUA_RETEST_V2,Hết phiên: hệ thống không hiển thị hộp thoại cảnh báo sắp hết phiên dù để idle 30 phút.,-,Hệ thống không hiển thị hộp thoại cảnh báo mặc dù đã không thao tác suốt 30 phút kể từ lần thao tác cuối,,QLDX_03.webm,
Tuần 3,1217,QLDKTK_09,QLDKTK,,Kích hoạt và đặt mật khẩu lần đầu,Chưa test lại,Fail,,Resoved,,CHUA_RETEST_V2,Kích hoạt tài khoản: hệ thống không gửi liên kết đặt mật khẩu lần đầu đến thư điện tử.,-,Hệ thống không gửi liên kết đến thư điện tử,,QLDKTK_09.webm,
Tuần 3,1230,SLHDVM_03,SLHDVM,,Kiểm tra hiển thị Biểu đồ và bảng kết quả,Chưa test lại,Fail,,Resoved,,CHUA_RETEST_V2,Báo cáo số lượng hỏi đáp: bảng kết quả hiển thị không giống thiết kế.,-,Bảng kết quả không giống với thiết kế,,SLHDVM_03.webm,
Tuần 3,1233,SLHDVM_06,SLHDVM,,Kiểm tra chức năng Xuất excel,Có — TKM ghi ngày test lại nhưng bỏ trống ô Trạng thái 2,Fail,,Reopent,,CHUA_RETEST_V2,"Bấm Xuất Excel thất bại, hệ thống báo Không thể tạo file xuất, vui lòng thử lại.",-,"Hệ thống hiển thị thông báo ""Không thể tạo file xuất. Vui lòng thử lại."".",,SLHDVM_06.webm,
Tuần 3,1234,SLHDVM_07,SLHDVM,,Kiểm tra chức năng Xuất PDF,Có — TKM ghi ngày test lại nhưng bỏ trống ô Trạng thái 2,Fail,,Reopent,,CHUA_RETEST_V2,"Bấm Xuất PDF thất bại, hệ thống báo Không thể tạo file xuất, vui lòng thử lại.",-,"Hệ thống hiển thị thông báo ""Không thể tạo file xuất. Vui lòng thử lại."".",,SLHDVM_07.webm,
Tuần 3,1235,SLHDVM_08,SLHDVM,,Kiểm tra chức năng In báo cáo,Chưa test lại,Fail,,Resoved,,CHUA_RETEST_V2,Màn hình báo cáo không hiển thị nút In báo cáo.,-,Màn hình không hiển thị nút chức năng,,SLHDVM_08.jpg,
Tuần 3,1236,SLHDVM_09,SLHDVM,,Kiểm tra chức năng Xóa bộ lọc,Chưa test lại,Fail,,Reopent,Resoved,CHUA_RETEST_V2,Màn hình báo cáo không hiển thị nút Xóa bộ lọc.,-,Màn hình không hiển thị nút chức năng,,SLHDVM_09.jpg,
Tuần 3,1240,VVDTN_04,VVDTN,,Kiểm tra hiển thị Biểu đồ và bảng kết quả,Có — TKM ghi ngày test lại nhưng bỏ trống ô Trạng thái 2,Fail,,Reopent,,CHUA_RETEST_V2,"Báo cáo vụ việc đã tiếp nhận thiếu biểu đồ tròn theo lĩnh vực; bảng tổng hợp thiếu cột Theo kênh, Theo lĩnh vực.",-,"- Không hiển thị biểu đồ tròn theo lĩnh vực - Bảng tổng hợp thiếu các cột: Theo kênh, Theo lĩnh vực",,VVDTN_04.webm,
Tuần 3,1242,VVDTN_06,VVDTN,,Kiểm tra chức năng Xuất excel,Có — TKM ghi ngày test lại nhưng bỏ trống ô Trạng thái 2,Fail,,Reopent,,CHUA_RETEST_V2,"Bấm Xuất Excel thất bại, hệ thống báo Không thể tạo file xuất, vui lòng thử lại.",-,"Hệ thống hiển thị thông báo ""Không thể tạo file xuất. Vui lòng thử lại."".",,VVDTN_06.jpg,
Tuần 3,1243,VVDTN_07,VVDTN,,Kiểm tra chức năng Xuất PDF,Có — TKM ghi ngày test lại nhưng bỏ trống ô Trạng thái 2,Fail,,Reopent,,CHUA_RETEST_V2,"Bấm Xuất PDF thất bại, hệ thống báo Không thể tạo file xuất, vui lòng thử lại.",-,"Hệ thống hiển thị thông báo ""Không thể tạo file xuất. Vui lòng thử lại."".",,VVDTN_07.jpg,
Tuần 3,1244,VVDTN_08,VVDTN,,Kiểm tra chức năng In báo cáo,Chưa test lại,Fail,,Resoved,,CHUA_RETEST_V2,Màn hình báo cáo không hiển thị nút In báo cáo.,-,Màn hình không hiển thị nút chức năng,,VVDTN_08.jpg,
Tuần 3,1245,VVDTN_09,VVDTN,,Kiểm tra chức năng Xóa bộ lọc,Chưa test lại,Fail,,Reopent,Resoved,CHUA_RETEST_V2,Màn hình báo cáo không hiển thị nút Xóa bộ lọc.,-,Màn hình không hiển thị nút chức năng,,VVDTN_09.jpg,
Tuần 3,1246,VVDHT_01,VVDHT,Báo cáo thống kê vụ việc đang hỗ trợ,"Thống kê số lượng vụ việc đang được xử lý theo đơn vị, chuyên gia.",Có — TKM ghi ngày test lại nhưng bỏ trống ô Trạng thái 2,Fail,,dev done,,CHUA_RETEST_V2,"Đơn vị có dữ liệu nhưng khi chọn người hỗ trợ, hệ thống báo không có dữ liệu báo cáo cho kỳ đã chọn.",-,"- Đơn vị có dữ liệu thống kê nhưng khi chọn người hỗ trợ hệ thống thông báo ""Không có dữ liệu báo cáo cho kỳ và đơn vị đã chọn"".",,VVDHT_01.webm,
Tuần 3,1248,VVDHT_03,VVDHT,,Kiểm tra hiển thị Chỉ số tổng hợp nhanh,Chưa test lại,Fail,,Resoved,,CHUA_RETEST_V2,"Chỉ số tổng hợp nhanh thiếu các chỉ số Sắp hết hạn, Quá hạn, Quá hạn nghiêm trọng.",-,"- Màn hình hiển thị thiếu các chỉ số: Sắp hết hạn, Quá hạn, Quá hạn nghiêm trọng",,VVDHT_03.webm,
Tuần 3,1251,VVDHT_06,VVDHT,,Kiểm tra chức năng Xuất excel,Có — TKM ghi ngày test lại nhưng bỏ trống ô Trạng thái 2,Fail,,Reopent,,CHUA_RETEST_V2,"Bấm Xuất Excel thất bại, hệ thống báo Không thể tạo file xuất, vui lòng thử lại.",-,"Hệ thống hiển thị thông báo ""Không thể tạo file xuất. Vui lòng thử lại."".",,VVDHT_06.jpg,
Tuần 3,1252,VVDHT_07,VVDHT,,Kiểm tra chức năng Xuất PDF,Có — TKM ghi ngày test lại nhưng bỏ trống ô Trạng thái 2,Fail,,Reopent,,CHUA_RETEST_V2,"Bấm Xuất PDF thất bại, hệ thống báo Không thể tạo file xuất, vui lòng thử lại.",-,"Hệ thống hiển thị thông báo ""Không thể tạo file xuất. Vui lòng thử lại."".",,VVDHT_07.jpg,
Tuần 3,1253,VVDHT_08,VVDHT,,Kiểm tra chức năng In báo cáo,Chưa test lại,Fail,,Resoved,,CHUA_RETEST_V2,Màn hình báo cáo không hiển thị nút In báo cáo.,-,Màn hình không hiển thị nút chức năng,,VVDHT_08.jpg,
Tuần 3,1254,VVDHT_09,VVDHT,,Kiểm tra chức năng Xóa bộ lọc,Chưa test lại,Fail,,Reopent,Resoved,CHUA_RETEST_V2,Màn hình báo cáo không hiển thị nút Xóa bộ lọc.,-,Màn hình không hiển thị nút chức năng,,VVDHT_09.jpg,
Tuần 3,1260,VVDHTHT_06,VVDHTHT,,Kiểm tra chức năng Xuất excel,Có — TKM ghi ngày test lại nhưng bỏ trống ô Trạng thái 2,Fail,,Reopent,,CHUA_RETEST_V2,"Bấm Xuất Excel thất bại, hệ thống báo Không thể tạo file xuất, vui lòng thử lại.",-,"Hệ thống hiển thị thông báo ""Không thể tạo file xuất. Vui lòng thử lại."".",,VVDHTHT_06.jpg,
Tuần 3,1261,VVDHTHT_07,VVDHTHT,,Kiểm tra chức năng Xuất PDF,Có — TKM ghi ngày test lại nhưng bỏ trống ô Trạng thái 2,Fail,,Reopent,,CHUA_RETEST_V2,"Bấm Xuất PDF thất bại, hệ thống báo Không thể tạo file xuất, vui lòng thử lại.",-,"Hệ thống hiển thị thông báo ""Không thể tạo file xuất. Vui lòng thử lại."".",,VVDHTHT_07.jpg,
Tuần 3,1262,VVDHTHT_08,VVDHTHT,,Kiểm tra chức năng In báo cáo,Chưa test lại,Fail,,Resoved,,CHUA_RETEST_V2,Màn hình báo cáo không hiển thị nút In báo cáo.,-,Màn hình không hiển thị nút chức năng,,VVDHTHT_08.jpg,
Tuần 3,1263,VVDHTHT_09,VVDHTHT,,Kiểm tra chức năng Xóa bộ lọc,Chưa test lại,Fail,,Reopent,Resoved,CHUA_RETEST_V2,Màn hình báo cáo không hiển thị nút Xóa bộ lọc.,-,Màn hình không hiển thị nút chức năng,,VVDHTHT_09.jpg,
Tuần 3,1264,VVTTG_01,VVTTG,Báo cáo thống kê vụ việc theo thời gian,"Thống kê diễn biến số lượng vụ việc theo các mốc thời gian (ngày, tuần, tháng, quý).",Có — TKM ghi ngày test lại nhưng bỏ trống ô Trạng thái 2,Fail,,dev done,,CHUA_RETEST_V2,Báo cáo vụ việc theo thời gian: số liệu thống kê hiển thị không chính xác.,-,Số liệu thống kê không chính xác,,VVTTG_01.webm,
Tuần 3,1265,VVTTG_02,VVTTG,,Kiểm tra hiển thị Chỉ số tổng hợp nhanh,Chưa test lại,Fail,,Reopent,Resoved,CHUA_RETEST_V2,Màn hình hiển thị chỉ số tổng hợp trong khi tài liệu quy định báo cáo này không có chỉ số tổng hợp riêng.,-,Hệ thống hiển thị chỉ số tổng hợp,,VVTTG_02.jpg,
Tuần 3,1268,VVTTG_05,VVTTG,,Kiểm tra chức năng Xuất excel,Có — TKM ghi ngày test lại nhưng bỏ trống ô Trạng thái 2,Fail,,Reopent,,CHUA_RETEST_V2,"Bấm Xuất Excel thất bại, hệ thống báo Không thể tạo file xuất, vui lòng thử lại.",-,"Hệ thống hiển thị thông báo ""Không thể tạo file xuất. Vui lòng thử lại."".",,VVTTG_05.jpg,
Tuần 3,1269,VVTTG_06,VVTTG,,Kiểm tra chức năng Xuất PDF,Có — TKM ghi ngày test lại nhưng bỏ trống ô Trạng thái 2,Fail,,Reopent,,CHUA_RETEST_V2,"Bấm Xuất PDF thất bại, hệ thống báo Không thể tạo file xuất, vui lòng thử lại.",-,"Hệ thống hiển thị thông báo ""Không thể tạo file xuất. Vui lòng thử lại."".",,VVTTG_06.jpg,
Tuần 3,1270,VVTTG_07,VVTTG,,Kiểm tra chức năng In báo cáo,Chưa test lại,Fail,,Resoved,,CHUA_RETEST_V2,Màn hình báo cáo không hiển thị nút In báo cáo.,-,Màn hình không hiển thị nút chức năng,,VVTTG_07.jpg,
Tuần 3,1271,VVTTG_08,VVTTG,,Kiểm tra chức năng Xóa bộ lọc,Chưa test lại,Fail,,Reopent,Resoved,CHUA_RETEST_V2,Màn hình báo cáo không hiển thị nút Xóa bộ lọc.,-,Màn hình không hiển thị nút chức năng,,VVTTG_08.jpg,
Tuần 3,1275,CLDTBDDDR_04,CLDTBDDDR,,Kiểm tra hiển thị cột kết quả,Chưa test lại,Fail,,Resoved,,CHUA_RETEST_V2,"Biểu đồ cột vẽ theo Đơn vị thay vì theo hình thức, thiếu biểu đồ đường xu hướng, bảng tổng hợp sai cột.",-,"- Biêu đồ cột SRS yêu cầu hiển thị theo hình thức, hệ thống đang hiển thị theo Đơn vị - Thiếu biểu đồ đường xu hướng theo kỳ - Bảng tổng hợp SRS yêu cầu: Đơn vị, Số khóa, Số học viên, Theo hình thức. Hệ thống đang hiển thị: Đơn vị, Trực tuyến, Trực tiếp, Tổng số",,CLDTBDDDR_04.jpg,
Tuần 3,1277,CLDTBDDDR_06,CLDTBDDDR,,Kiểm tra chức năng Xuất excel,Có — TKM ghi ngày test lại nhưng bỏ trống ô Trạng thái 2,Fail,,Reopent,,CHUA_RETEST_V2,"Bấm Xuất Excel thất bại, hệ thống báo Không thể tạo file xuất, vui lòng thử lại.",-,"Hệ thống hiển thị thông báo ""Không thể tạo file xuất. Vui lòng thử lại."".",,CLDTBDDDR_06.jpg,
Tuần 3,1278,CLDTBDDDR_07,CLDTBDDDR,,Kiểm tra chức năng Xuất PDF,Có — TKM ghi ngày test lại nhưng bỏ trống ô Trạng thái 2,Fail,,Reopent,,CHUA_RETEST_V2,"Bấm Xuất PDF thất bại, hệ thống báo Không thể tạo file xuất, vui lòng thử lại.",-,"Hệ thống hiển thị thông báo ""Không thể tạo file xuất. Vui lòng thử lại."".",,CLDTBDDDR_07.jpg,
Tuần 3,1279,CLDTBDDDR_08,CLDTBDDDR,,Kiểm tra chức năng In báo cáo,Chưa test lại,Fail,,Resoved,,CHUA_RETEST_V2,Màn hình báo cáo không hiển thị nút In báo cáo.,-,Màn hình không hiển thị nút chức năng,,CLDTBDDDR_08.jpg,
Tuần 3,1280,CLDTBDDDR_09,CLDTBDDDR,,Kiểm tra chức năng Xóa bộ lọc,Chưa test lại,Fail,,Reopent,Resoved,CHUA_RETEST_V2,Màn hình báo cáo không hiển thị nút Xóa bộ lọc.,-,Màn hình không hiển thị nút chức năng,,CLDTBDDDR_09.jpg,
Tuần 3,1284,LDTBDDDR_04,LDTBDDDR,,Kiểm tra hiển thị Biểu đồ và bảng tổng hợp,Chưa test lại,Fail,,Resoved,,CHUA_RETEST_V2,Biểu đồ cột vẽ theo Đơn vị trong khi tài liệu yêu cầu vẽ theo hình thức đào tạo.,-,"SRS yêu cầu biểu đồ cột theo hình thức, hệ thống đang hiển thị biểu đồ cột theo Đơn vị",,CLDTBDDDR_04.jpg,
Tuần 3,1286,LDTBDDDR_06,LDTBDDDR,,Kiểm tra chức năng Xuất excel,Có — TKM ghi ngày test lại nhưng bỏ trống ô Trạng thái 2,Fail,,Reopent,,CHUA_RETEST_V2,"Bấm Xuất Excel thất bại, hệ thống báo Không thể tạo file xuất, vui lòng thử lại.",-,"Hệ thống hiển thị thông báo ""Không thể tạo file xuất. Vui lòng thử lại."".",,CLDTBDDDR_06.jpg,
Tuần 3,1287,LDTBDDDR_07,LDTBDDDR,,Kiểm tra chức năng Xuất PDF,Có — TKM ghi ngày test lại nhưng bỏ trống ô Trạng thái 2,Fail,,Reopent,,CHUA_RETEST_V2,"Bấm Xuất PDF thất bại, hệ thống báo Không thể tạo file xuất, vui lòng thử lại.",-,"Hệ thống hiển thị thông báo ""Không thể tạo file xuất. Vui lòng thử lại."".",,CLDTBDDDR_07.jpg,
Tuần 3,1293,CGTVPL_04,CGTVPL,,Kiểm tra hiển thị Biểu đồ và bảng tổng hợp,Chưa test lại,Fail,,Resoved,,CHUA_RETEST_V2,Biểu đồ tròn vẽ theo Đơn vị thay vì theo loại; biểu đồ cột không hiển thị số lượng chuyên gia dù có dữ liệu.,-,"- SRS yêu cầu Biểu đồ tròn theo loại, hệ thống hiển thị biểu đồ tròn theo Đơn vị - Biểu đồ cột không hiển thị số lượng chuyên gia, chỉ hiển thị số lượng TVV mặc dù tồn tại dữ liệu",,CGTVPL_04.jpg,
Tuần 3,1295,CGTVPL_06,CGTVPL,,Kiểm tra chức năng Xuất excel,Có — TKM ghi ngày test lại nhưng bỏ trống ô Trạng thái 2,Fail,,Reopent,,CHUA_RETEST_V2,"Bấm Xuất Excel thất bại, hệ thống báo Không thể tạo file xuất, vui lòng thử lại.",-,"Hệ thống hiển thị thông báo ""Không thể tạo file xuất. Vui lòng thử lại."".",,CGTVPL_06.jpg,
Tuần 3,1296,CGTVPL_07,CGTVPL,,Kiểm tra chức năng Xuất PDF,Có — TKM ghi ngày test lại nhưng bỏ trống ô Trạng thái 2,Fail,,Reopent,,CHUA_RETEST_V2,"Bấm Xuất PDF thất bại, hệ thống báo Không thể tạo file xuất, vui lòng thử lại.",-,"Hệ thống hiển thị thông báo ""Không thể tạo file xuất. Vui lòng thử lại."".",,CGTVPL_07.jpg,
Tuần 3,1304,DGHQHTPL_06,DGHQHTPL,,Kiểm tra chức năng Xuất excel,Có — TKM ghi ngày test lại nhưng bỏ trống ô Trạng thái 2,Fail,,Reopent,,CHUA_RETEST_V2,"Bấm Xuất Excel thất bại, hệ thống báo Không thể tạo file xuất, vui lòng thử lại.",-,"Hệ thống hiển thị thông báo ""Không thể tạo file xuất. Vui lòng thử lại."".",,DGHQHTPL_06.jpg,
Tuần 3,1305,DGHQHTPL_07,DGHQHTPL,,Kiểm tra chức năng Xuất PDF,Có — TKM ghi ngày test lại nhưng bỏ trống ô Trạng thái 2,Fail,,Reopent,,CHUA_RETEST_V2,"Bấm Xuất PDF thất bại, hệ thống báo Không thể tạo file xuất, vui lòng thử lại.",-,"Hệ thống hiển thị thông báo ""Không thể tạo file xuất. Vui lòng thử lại."".",,DGHQHTPL_07.jpg,
Tuần 3,1313,CLDTBDPL_06,CLDTBDPL,,Kiểm tra chức năng Xuất excel,Có — TKM ghi ngày test lại nhưng bỏ trống ô Trạng thái 2,Fail,,Reopent,,CHUA_RETEST_V2,"Bấm Xuất Excel thất bại, hệ thống báo Không thể tạo file xuất, vui lòng thử lại.",-,"Hệ thống hiển thị thông báo ""Không thể tạo file xuất. Vui lòng thử lại."".",,CLDTBDPL_06.jpg,
Tuần 3,1314,CLDTBDPL_07,CLDTBDPL,,Kiểm tra chức năng Xuất PDF,Có — TKM ghi ngày test lại nhưng bỏ trống ô Trạng thái 2,Fail,,Reopent,,CHUA_RETEST_V2,"Bấm Xuất PDF thất bại, hệ thống báo Không thể tạo file xuất, vui lòng thử lại.",-,"Hệ thống hiển thị thông báo ""Không thể tạo file xuất. Vui lòng thử lại."".",,CLDTBDPL_07.jpg,
Tuần 3,1322,VVTDVQL_06,VVTDVQL,,Kiểm tra chức năng Xuất excel,Có — TKM ghi ngày test lại nhưng bỏ trống ô Trạng thái 2,Fail,,Reopent,,CHUA_RETEST_V2,"Bấm Xuất Excel thất bại, hệ thống báo Không thể tạo file xuất, vui lòng thử lại.",-,"Hệ thống hiển thị thông báo ""Không thể tạo file xuất. Vui lòng thử lại."".",,VVTDVQL_06.jpg,
Tuần 3,1323,VVTDVQL_07,VVTDVQL,,Kiểm tra chức năng Xuất PDF,Có — TKM ghi ngày test lại nhưng bỏ trống ô Trạng thái 2,Fail,,Reopent,,CHUA_RETEST_V2,"Bấm Xuất PDF thất bại, hệ thống báo Không thể tạo file xuất, vui lòng thử lại.",-,"Hệ thống hiển thị thông báo ""Không thể tạo file xuất. Vui lòng thử lại."".",,VVTDVQL_07.jpg,
Tuần 3,1330,VVTLV_05,VVTLV,,Kiểm tra chức năng Xuất excel,Có — TKM ghi ngày test lại nhưng bỏ trống ô Trạng thái 2,Fail,,Reopent,,CHUA_RETEST_V2,"Bấm Xuất Excel thất bại, hệ thống báo Không thể tạo file xuất, vui lòng thử lại.",-,"Hệ thống hiển thị thông báo ""Không thể tạo file xuất. Vui lòng thử lại."".",,VVTLV_05.jpg,
Tuần 3,1331,VVTLV_06,VVTLV,,Kiểm tra chức năng Xuất PDF,Có — TKM ghi ngày test lại nhưng bỏ trống ô Trạng thái 2,Fail,,Reopent,,CHUA_RETEST_V2,"Bấm Xuất PDF thất bại, hệ thống báo Không thể tạo file xuất, vui lòng thử lại.",-,"Hệ thống hiển thị thông báo ""Không thể tạo file xuất. Vui lòng thử lại."".",,VVTLV_06.jpg,
Tuần 3,1338,VVTLHDN_05,VVTLHDN,,Kiểm tra chức năng Xuất excel,Có — TKM ghi ngày test lại nhưng bỏ trống ô Trạng thái 2,Fail,,Reopent,,CHUA_RETEST_V2,"Bấm Xuất Excel thất bại, hệ thống báo Không thể tạo file xuất, vui lòng thử lại.",-,"Hệ thống hiển thị thông báo ""Không thể tạo file xuất. Vui lòng thử lại."".",,VVTLHDN_05.jpg,
Tuần 3,1339,VVTLHDN_06,VVTLHDN,,Kiểm tra chức năng Xuất PDF,Có — TKM ghi ngày test lại nhưng bỏ trống ô Trạng thái 2,Fail,,Reopent,,CHUA_RETEST_V2,"Bấm Xuất PDF thất bại, hệ thống báo Không thể tạo file xuất, vui lòng thử lại.",-,"Hệ thống hiển thị thông báo ""Không thể tạo file xuất. Vui lòng thử lại."".",,VVTLHDN_06.jpg,
Tuần 3,1346,VVTTGCT_05,VVTTGCT,,Kiểm tra chức năng Xuất excel,Có — TKM ghi ngày test lại nhưng bỏ trống ô Trạng thái 2,Fail,,Reopent,,CHUA_RETEST_V2,"Bấm Xuất Excel thất bại, hệ thống báo Không thể tạo file xuất, vui lòng thử lại.",-,"Hệ thống hiển thị thông báo ""Không thể tạo file xuất. Vui lòng thử lại."".",,VVTTGCT_05.jpg,
Tuần 3,1347,VVTTGCT_06,VVTTGCT,,Kiểm tra chức năng Xuất PDF,Có — TKM ghi ngày test lại nhưng bỏ trống ô Trạng thái 2,Fail,,Reopent,,CHUA_RETEST_V2,"Bấm Xuất PDF thất bại, hệ thống báo Không thể tạo file xuất, vui lòng thử lại.",-,"Hệ thống hiển thị thông báo ""Không thể tạo file xuất. Vui lòng thử lại."".",,VVTTGCT_06.jpg,
Tuần 3,1355,CPHTCT_06,CPHTCT,,Kiểm tra chức năng Xuất excel,Có — TKM ghi ngày test lại nhưng bỏ trống ô Trạng thái 2,Fail,,Reopent,,CHUA_RETEST_V2,"Bấm Xuất Excel thất bại, hệ thống báo Không thể tạo file xuất, vui lòng thử lại.",-,"Hệ thống hiển thị thông báo ""Không thể tạo file xuất. Vui lòng thử lại."".",,CPHTCT_06.jpg,
Tuần 3,1356,CPHTCT_07,CPHTCT,,Kiểm tra chức năng Xuất PDF,Có — TKM ghi ngày test lại nhưng bỏ trống ô Trạng thái 2,Fail,,Reopent,,CHUA_RETEST_V2,"Bấm Xuất PDF thất bại, hệ thống báo Không thể tạo file xuất, vui lòng thử lại.",-,"Hệ thống hiển thị thông báo ""Không thể tạo file xuất. Vui lòng thử lại."".",,CPHTCT_07.jpg,
Tuần 3,1361,CPCTHTTDVQL_03,CPCTHTTDVQL,,Kiểm tra hiển thị Chỉ số tổng hợp,Chưa test lại,Fail,,Resoved,,CHUA_RETEST_V2,Màn hình hiển thị chỉ số tổng hợp trong khi tài liệu quy định báo cáo này không có chỉ số tổng hợp riêng.,-,Hệ thống hiển thị chỉ số tổng hợp,,CPCTHTTDVQL_03.jpg,
Tuần 3,1364,CPCTHTTDVQL_06,CPCTHTTDVQL,,Kiểm tra chức năng Xuất excel,Có — TKM ghi ngày test lại nhưng bỏ trống ô Trạng thái 2,Fail,,Reopent,,CHUA_RETEST_V2,"Bấm Xuất Excel thất bại, hệ thống báo Không thể tạo file xuất, vui lòng thử lại.",-,"Hệ thống hiển thị thông báo ""Không thể tạo file xuất. Vui lòng thử lại."".",,CPCTHTTDVQL_06.jpg,
Tuần 3,1365,CPCTHTTDVQL_07,CPCTHTTDVQL,,Kiểm tra chức năng Xuất PDF,Có — TKM ghi ngày test lại nhưng bỏ trống ô Trạng thái 2,Fail,,Reopent,,CHUA_RETEST_V2,"Bấm Xuất PDF thất bại, hệ thống báo Không thể tạo file xuất, vui lòng thử lại.",-,"Hệ thống hiển thị thông báo ""Không thể tạo file xuất. Vui lòng thử lại."".",,CPCTHTTDVQL_07.jpg,
Tuần 3,1379,CPCTHTTLHDN_03,CPCTHTTLHDN,,Kiểm tra hiển thị Chỉ số tổng hợp,Chưa test lại,Fail,,Resoved,,CHUA_RETEST_V2,Màn hình hiển thị chỉ số tổng hợp trong khi tài liệu quy định báo cáo này không có chỉ số tổng hợp riêng.,-,Hệ thống hiển thị chỉ số tổng hợp,,CPCTHTTLHDN_03.jpg,
Tuần 3,1380,CPCTHTTLHDN_04,CPCTHTTLHDN,,Kiểm tra hiển thị Biểu đồ và bảng tổng hợp,Chưa test lại,Fail,,Reopent,Resoved,CHUA_RETEST_V2,Biểu đồ cột vẽ thêm nhiều nhóm số liệu ngoài tài liệu và trục tung hiển thị toàn bộ giá trị 0.,-,"- Biểu đồ cột theo nhiều nhóm mà tài liệu không yêu cầu: Chênh lệch, Số hồ sơ, Trần / hồ sơ, Trần chi phí, Tổng chi phí - Số liệu ở trục tung của biểu đồ hiển thị toàn bộ giá trị 0",,CPCTHTTLHDN_04.jpg,
Tuần 3,1382,CPCTHTTLHDN_06,CPCTHTTLHDN,,Kiểm tra chức năng Xuất excel,Có — TKM ghi ngày test lại nhưng bỏ trống ô Trạng thái 2,Fail,,Reopent,,CHUA_RETEST_V2,"Bấm Xuất Excel thất bại, hệ thống báo Không thể tạo file xuất, vui lòng thử lại.",-,"Hệ thống hiển thị thông báo ""Không thể tạo file xuất. Vui lòng thử lại."".",,CPCTHTTLHDN_06.jpg,
Tuần 3,1383,CPCTHTTLHDN_07,CPCTHTTLHDN,,Kiểm tra chức năng Xuất PDF,Có — TKM ghi ngày test lại nhưng bỏ trống ô Trạng thái 2,Fail,,Reopent,,CHUA_RETEST_V2,"Bấm Xuất PDF thất bại, hệ thống báo Không thể tạo file xuất, vui lòng thử lại.",-,"Hệ thống hiển thị thông báo ""Không thể tạo file xuất. Vui lòng thử lại."".",,CPCTHTTLHDN_07.jpg,
Tuần 3,1388,CPCTHTTTG_03,CPCTHTTTG,,Kiểm tra hiển thị Biểu đồ và bảng tổng hợp,Chưa test lại,Fail,,Reopent,InProcess,CHUA_RETEST_V2,Biểu đồ đường chi phí theo thời gian: số liệu ở trục tung hiển thị toàn bộ giá trị 0.,-,- Số liệu ở trục tung của biểu đồ hiển thị toàn bộ giá trị 0,,CPCTHTTTG_03.jpg,
Tuần 3,1390,CPCTHTTTG_05,CPCTHTTTG,,Kiểm tra chức năng Xuất excel,Có — TKM ghi ngày test lại nhưng bỏ trống ô Trạng thái 2,Fail,,Reopent,,CHUA_RETEST_V2,"Bấm Xuất Excel thất bại, hệ thống báo Không thể tạo file xuất, vui lòng thử lại.",-,"Hệ thống hiển thị thông báo ""Không thể tạo file xuất. Vui lòng thử lại."".",,CPCTHTTTG_05.jpg,
Tuần 3,1391,CPCTHTTTG_06,CPCTHTTTG,,Kiểm tra chức năng Xuất PDF,Có — TKM ghi ngày test lại nhưng bỏ trống ô Trạng thái 2,Fail,,Reopent,,CHUA_RETEST_V2,"Bấm Xuất PDF thất bại, hệ thống báo Không thể tạo file xuất, vui lòng thử lại.",-,"Hệ thống hiển thị thông báo ""Không thể tạo file xuất. Vui lòng thử lại."".",,CPCTHTTTG_06.jpg,
Tuần 3,1399,SLCTHT_06,SLCTHT,,Kiểm tra chức năng Xuất excel,Có — TKM ghi ngày test lại nhưng bỏ trống ô Trạng thái 2,Fail,,Reopent,,CHUA_RETEST_V2,"Bấm Xuất Excel thất bại, hệ thống báo Không thể tạo file xuất, vui lòng thử lại.",-,"Hệ thống hiển thị thông báo ""Không thể tạo file xuất. Vui lòng thử lại."".",,SLCTHT_06.jpg,
Tuần 3,1400,SLCTHT_07,SLCTHT,,Kiểm tra chức năng Xuất PDF,Có — TKM ghi ngày test lại nhưng bỏ trống ô Trạng thái 2,Fail,,Reopent,,CHUA_RETEST_V2,"Bấm Xuất PDF thất bại, hệ thống báo Không thể tạo file xuất, vui lòng thử lại.",-,"Hệ thống hiển thị thông báo ""Không thể tạo file xuất. Vui lòng thử lại."".",,SLCTHT_07.jpg,
Tuần 3,1404,CTTDVQL_02,CTTDVQL,,Kiểm tra hiển thị Chỉ số tổng hợp,Chưa test lại,Fail,,Resoved,,CHUA_RETEST_V2,Màn hình hiển thị chỉ số tổng hợp trong khi tài liệu quy định báo cáo này không có chỉ số tổng hợp riêng.,-,Hệ thống hiển thị chỉ số,,CTTDVQL_02.jpg,
Tuần 3,1406,CTTDVQL_04,CTTDVQL,,Kiểm tra chức năng Xuất excel,Có — TKM ghi ngày test lại nhưng bỏ trống ô Trạng thái 2,Fail,,Reopent,,CHUA_RETEST_V2,"Bấm Xuất Excel thất bại, hệ thống báo Không thể tạo file xuất, vui lòng thử lại.",-,"Hệ thống hiển thị thông báo ""Không thể tạo file xuất. Vui lòng thử lại."".",,CTTDVQL_04.jpg,
Tuần 3,1407,CTTDVQL_05,CTTDVQL,,Kiểm tra chức năng Xuất PDF,Có — TKM ghi ngày test lại nhưng bỏ trống ô Trạng thái 2,Fail,,Reopent,,CHUA_RETEST_V2,"Bấm Xuất PDF thất bại, hệ thống báo Không thể tạo file xuất, vui lòng thử lại.",-,"Hệ thống hiển thị thông báo ""Không thể tạo file xuất. Vui lòng thử lại."".",,CTTDVQL_05.jpg,
Tuần 3,1412,CTTLV_03,CTTLV,,Kiểm tra hiển thị Chỉ số tổng hợp,Chưa test lại,Fail,,Resoved,,CHUA_RETEST_V2,Màn hình hiển thị chỉ số tổng hợp trong khi tài liệu quy định báo cáo này không có chỉ số tổng hợp riêng.,-,Hệ thống hiển thị chỉ số,,CTTLV_03.jpg,
Tuần 3,1414,CTTLV_05,CTTLV,,Kiểm tra chức năng Xuất excel,Có — TKM ghi ngày test lại nhưng bỏ trống ô Trạng thái 2,Fail,,Reopent,,CHUA_RETEST_V2,"Bấm Xuất Excel thất bại, hệ thống báo Không thể tạo file xuất, vui lòng thử lại.",-,"Hệ thống hiển thị thông báo ""Không thể tạo file xuất. Vui lòng thử lại."".",,CTTLV_05.jpg,
Tuần 3,1415,CTTLV_06,CTTLV,,Kiểm tra chức năng Xuất PDF,Có — TKM ghi ngày test lại nhưng bỏ trống ô Trạng thái 2,Fail,,Reopent,,CHUA_RETEST_V2,"Bấm Xuất PDF thất bại, hệ thống báo Không thể tạo file xuất, vui lòng thử lại.",-,"Hệ thống hiển thị thông báo ""Không thể tạo file xuất. Vui lòng thử lại."".",,CTTLV_06.jpg,
Tuần 3,1421,CTTTG_04,CTTTG,,Kiểm tra chức năng Xuất excel,Có — TKM ghi ngày test lại nhưng bỏ trống ô Trạng thái 2,Fail,,Reopent,,CHUA_RETEST_V2,"Bấm Xuất Excel thất bại, hệ thống báo Không thể tạo file xuất, vui lòng thử lại.",-,"Hệ thống hiển thị thông báo ""Không thể tạo file xuất. Vui lòng thử lại."".",,CTTTG_04.jpg,
Tuần 3,1422,CTTTG_05,CTTTG,,Kiểm tra chức năng Xuất PDF,Có — TKM ghi ngày test lại nhưng bỏ trống ô Trạng thái 2,Fail,,Reopent,,CHUA_RETEST_V2,"Bấm Xuất PDF thất bại, hệ thống báo Không thể tạo file xuất, vui lòng thử lại.",-,"Hệ thống hiển thị thông báo ""Không thể tạo file xuất. Vui lòng thử lại."".",,CTTTG_05.jpg,
Tuần 3,1453,QLNDTVVCG_27,QLNDTVVCG,,Kiểm tra nút chức năng Hoàn thành tư vấn,Chưa test lại,Fail,,dev done,,CHUA_RETEST_V2,Hoàn thành tư vấn: hệ thống không gửi thông báo tới cán bộ phê duyệt cùng đơn vị.,-,Hệ thống không gửi thông báo tới cán bộ phê duyệt cùng đơn vị,,QLNDTVVCG_27.webm,
Tuần 3,1462,QLNDTVVCG_36,QLNDTVVCG,,"Xác nhận hủy Với trạng thái ""Đang tư vấn""",Chưa test lại,Fail,,dev done,,CHUA_RETEST_V2,"Hủy yêu cầu Đang tư vấn: chuyển thẳng sang Đã hủy và báo Đã hủy yêu cầu, bỏ qua bước chờ duyệt hủy.",-,"- Chuyển ngay sang ""Đã hủy"". - Hệ thống hiển thị thông báo ""Đã hủy yêu cầu""",,QLNDTVVCG_36.webm,
Tuần 3,1466,QLNDTVVCG_40,QLNDTVVCG,,Xuất Excel,Chưa test lại,Fail,,dev done,,CHUA_RETEST_V2,"Xuất Excel yêu cầu tư vấn: tên tệp sai thiết kế và thiếu cột Doanh nghiệp, Chuyên gia, Lĩnh vực.",-,"- Tên tệp không giống với thiết kế - Tệp excel thiếu các cột thông tin so với màn hình danh sách: Doanh nghiệp, Chuyên gia, Lĩnh vực",,QLNDTVVCG_41.jpg,
Tuần 3,1470,TKNDTVVCG_03,TKNDTVVCG,,Tìm kiếm theo tên DN,Chưa test lại,Fail,,dev done,,CHUA_RETEST_V2,"Tìm kiếm theo tên doanh nghiệp không ra kết quả, hệ thống báo Không có nội dung tư vấn chuyên sâu nào.",-,"Hệ thống hiển thị ""Không có nội dung tư vấn chuyên sâu nào.""",,TKNDTVVCG_03.webm,
Tuần 3,1480,QLHSPLDN_02,QLHSPLDN,,Bảng danh sách hồ sơ pháp lý,Chưa test lại,Fail,,dev done,,CHUA_RETEST_V2,"Bảng danh sách hồ sơ pháp lý thiếu cột Lĩnh vực pháp lý, Nguồn, Có tệp đính kèm và thừa cột Số/ký hiệu.",-,"- Bảng danh sách thiếu các cột thông tin: Lĩnh vực pháp lý, Nguồn, Có tệp đính kèm - Bảng danh sách trên hệ thống hiển thị trường thông tin Số/ký hiệu nhưng tài liệu SRS không có trường thông tin này",,QLHSPLDN_02.webm,
Tuần 3,1481,QLHSPLDN_03,QLHSPLDN,,Biểu mẫu thêm mới / chỉnh sửa hồ sơ pháp lý,Chưa test lại,Fail,,dev done,,CHUA_RETEST_V2,"Biểu mẫu thêm mới hồ sơ pháp lý thiếu trường Lĩnh vực pháp lý, Mô tả, Tệp đính kèm và thừa trường Số/ký hiệu.",-,"- Biểu mẫu thêm mới thiếu các trường thông tin: Lĩnh vực pháp lý, Mô tả, Tệp đính kèm - Biểu mẫu thêm mới trên hệ thống hiển thị trường thông tin Số/ký hiệu nhưng tài liệu SRS không có trường thông tin này",,QLHSPLDN_03.webm,
Tuần 3,1498,QLTLPLCVV_02,QLTLPLCVV,,Bảng danh sách tư liệu pháp lý,Chưa test lại,Fail,,dev done,,CHUA_RETEST_V2,Bảng danh sách tư liệu pháp lý thiếu cột Ngày tạo và Người tạo.,-,"Thiếu cột thông tin Ngày tạo, Người tạo",,QLTLPLCVV_02.webm,
Tuần 3,1499,QLTLPLCVV_03,QLTLPLCVV,,Kiểm tra điều kiện hiển thị nút chức năng Thêm mới,Chưa test lại,Fail,,Resoved,,CHUA_RETEST_V2,Nút Thêm mới tư liệu vẫn hiển thị với yêu cầu tư vấn ở trạng thái Đã duyệt và Hủy.,-,"Hệ thống hiển thị nút chức năng đối với cả các bản ghi có trạng thái ""Đã duyệt"" và ""Hủy""",,QLTLPLCVV_03.webm,
Tuần 3,1503,QLTLPLCVV_07,QLTLPLCVV,,Kiểm tra điều kiện hiển thị nút chức năng Sửa,Chưa test lại,Fail,,dev done,,CHUA_RETEST_V2,Tư liệu ở trạng thái Công khai vẫn hiển thị nút Sửa.,-,Tư liệu ở trạng thái Công khai vẫn hiển thị chức năng Sửa,,QLTLPLCVV_07.jpg,
Tuần 3,1504,QLTLPLCVV_08,QLTLPLCVV,,Sửa thành công,Chưa test lại,Fail,,dev done,,CHUA_RETEST_V2,Cửa sổ sửa tư liệu không hiển thị tệp đính kèm dù dữ liệu tồn tại.,-,- Hệ thống không hiển thị tệp đính kèm mặc dù tồn tại dữ liệu,,QLTLPLCVV_08.webm,
Tuần 3,1505,QLTLPLCVV_09,QLTLPLCVV,,"Sửa tư liệu đã chuyển sang ""Công khai""",Chưa test lại,Fail,,dev done,,CHUA_RETEST_V2,"Sửa tư liệu đang công khai: thông báo sai nội dung và lộ tên trường kỹ thuật moTa, fileDinhKemIds.",-,"Hệ thống hiển thị thông báo ""Tư liệu đã công khai, chỉ cho phép cập nhật: moTa, fileDinhKemIds""",,QLTLPLCVV_09.jpg,
Tuần 3,1507,QLTLPLCVV_11,QLTLPLCVV,,"Xóa tư liệu đang ở trạng thái ""Công khai""",Chưa test lại,Fail,,dev done,,CHUA_RETEST_V2,"Tư liệu ở trạng thái Công khai bị vô hiệu hóa nút Xóa, không thực hiện được thao tác xóa.",-,Hệ thống disable nút chức năng Xóa,,QLTLPLCVV_11.jpg,
Tuần 3,1511,QLTLPLCVV_15,QLTLPLCVV,,Tải lên tệp đính kèm chứa mã độc,Chưa test lại,Fail,,dev done,,CHUA_RETEST_V2,"Tải lên tệp chứa mã độc: hệ thống chỉ báo Tải file thất bại, không nêu tệp chứa mã độc.",-,"Hệ thống hiển thị thông báo ""Tải file thất bại""",,QLTLPLCVV_15.jpg,
Tuần 3,1512,QLTLPLCVV_16,QLTLPLCVV,,Xóa tệp đính kèm thành công,Chưa test lại,Fail,,Resoved,,CHUA_RETEST_V2,Xóa tệp đính kèm: hệ thống không hiển thị hộp xác nhận trước khi xóa.,-,Hệ thống không hiển thị xác nhận xóa,,QLTLPLCVV_16.webm,
Tuần 4,1525,QLKCHTV_02,QLKCHTV,,Điều kiện tìm kiếm / bộ lọc,Chưa test lại,Fail,,dev done,,CHUA_RETEST_V2,"Bộ lọc mặc định rỗng thay vì Tất cả; nguồn Nhập Excel hiển thị Import; thiếu trạng thái Nháp, thừa trạng thái Bị từ chối.",-,"- Danh sách chọn giá trị mặc định là rỗng - Nguồn nhập ""Nhập excel"" hệ thống hiển thị là ""Import"" - Trạng thái xử lý thiếu trạng thái ""Nháp"", SRS không có trạng thái ""Bị từ chối"" nhưng hệ thống có trạng thái đó",,QLKCHTV_02.webm,
Tuần 4,1526,QLKCHTV_03,QLKCHTV,,Cột dữ liệu trong bảng kết quả,Chưa test lại,Fail,,dev done,,CHUA_RETEST_V2,Bảng kết quả thiếu cột Ô chọn hàng loạt và Câu trả lời; cột Điểm trung bình hiển thị sai tên là Đánh giá.,-,"- Thiết cột thông tin: Ô chọn hàng loạt, Câu trả lời - Cột ""Điểm trung bình"" hệ thống hiển thị là ""Đánh giá""",,QLKCHTV_03.jpg,
Tuần 4,1527,QLKCHTV_04,QLKCHTV,,Kiểm tra khi nhấn nút chức năng Thêm câu hỏi,Chưa test lại,Fail,,dev done,,CHUA_RETEST_V2,Cửa sổ Thêm câu hỏi mới: nút Gửi duyệt hiển thị là Lưu; thiếu nút Lưu nháp.,-,"- Nút chức năng ""Gửi duyệt"" hệ thống hiển thị là ""Lưu"" - Không có nút chức năng ""Lưu nháp""",,QLKCHTV_04.jpg,
Tuần 4,1533,QLKCHTV_10,QLKCHTV,,"Có dòng hợp lệ, NSD bấm ""Xác nhận nhập""",Chưa test lại,Fail,,dev done,,CHUA_RETEST_V2,"Sau khi nhập Excel, hệ thống hiển thị nguồn nhập là Import thay vì Nhập Excel.",-,"Hệ thống hiển thị nguồn nhập là ""Import""",,"QLKCHTV_10.jpg
QLKCHTV_10(1).jpg",
Tuần 4,1535,QLKCHTV_12,QLKCHTV,,Xuất Excel,Chưa test lại,Fail,,dev done,,CHUA_RETEST_V2,Xuất Excel kho câu hỏi: tên file thiếu giờ HHmm; thiếu cột Ngày cập nhật; nguồn hiển thị Import thay vì Nhập Excel.,-,"- Tên file thiếu thông tin thời gian xuất ""HHmm"" - Thiếu cột thông tin ""Ngày cập nhật"" - Thông tin Nguồn ""Nhập excel"", file excel hiển thị ""Import""",,QLKCHTV_12.jpg,
Tuần 4,1536,QLKCHTV_13,QLKCHTV,,Xuất Excel Không có dữ liệu,Chưa test lại,Fail,,dev done,,CHUA_RETEST_V2,"Lọc không có dữ liệu: hệ thống vẫn xuất file Excel đã xuất ở QLKCHTV_12, không báo Không có dữ liệu để xuất.",-,Hệ thống xuất file excel đã được xuất ở uc QLKCHTV_12,,QLKCHTV_13.webm,
Tuần 4,1537,QLKCHTV_14,QLKCHTV,,Xem,Chưa test lại,Fail,,dev done,,CHUA_RETEST_V2,"Màn hình chi tiết câu hỏi thiếu thông tin Người tạo, Từ khóa, Lịch sử thẩm định.",-,"- Màn hình chi tiết thiếu thông tin: Người tạo, từ khóa, lịch sử thẩm định",,QLKCHTV_14.jpg,
Tuần 4,1539,QLKCHTV_16,QLKCHTV,,Kiểm tra chức năng Sửa,Chưa test lại,Fail,,dev done,,CHUA_RETEST_V2,Cửa sổ Sửa câu hỏi: nút Gửi duyệt hiển thị là Lưu; thiếu nút Lưu nháp.,-,"- Nút chức năng ""Gửi duyệt"" hệ thống hiển thị là ""Lưu"" - Không có nút chức năng ""Lưu nháp""",,"QLKCHTV_16.jpg
QLKCHTV_16(1).jpg",
Tuần 4,1541,QLKCHTV_18,QLKCHTV,,Kiểm tra chức năng Bật/tắt hiệu lực,Chưa test lại,Fail,,dev done,,CHUA_RETEST_V2,Cửa sổ xác nhận Bật/tắt hiệu lực không giống thiết kế.,-,Cửa sổ xác nhận không giống với thiết kế,,QLKCHTV_18.jpg,
Tuần 4,1545,QLKCHTV_22,QLKCHTV,,Cột dữ liệu trong bảng kết quả,Chưa test lại,Fail,,dev done,,CHUA_RETEST_V2,"Cột Ngày gửi chỉ hiển thị dd/mm/yyyy, thiếu giờ HH:mm.",-,"- Ngày gửi hệ thống chỉ hiển thị dd/mm/yyyy, thiếu thông tin giờ HH:mm",,QLKCHTV_22.jpg,
Tuần 4,1546,QLKCHTV_23,QLKCHTV,,Xem,Chưa test lại,Fail,,dev done,,CHUA_RETEST_V2,Phiên trạng thái Cán bộ trả lời: Xem chi tiết mở màn hình Trả lời ở chế độ chỉnh sửa thay vì chỉ xem.,-,"Nhấn Xem chi tiết tại bản ghi có trạng thái ""Cán bộ trả lời"" hệ thống mở màn hình ""Trả lời Phiên tư vấn"" ở chế độ chỉnh sửa",,"QLKCHTV_23.jpg
 QLKCHTV_23(1).webm",
Tuần 4,1547,QLKCHTV_24,QLKCHTV,,Trả lời,Chưa test lại,Fail,,dev done,,CHUA_RETEST_V2,"Phiên trạng thái Cán bộ trả lời không hiển thị nút Trả lời trên dòng, nhưng Xem chi tiết lại cho phép chỉnh sửa.",-,"- Trạng thái ""Cán bộ trả lời"" hệ thống không hiển thị nút chức năng ""Trả lời"" tại dòng của bản ghi nhưng khi nhấn Xem chi tiết hệ thống mở màn hình ""Trả lời Phiên tư vấn ở chế độ cho phép chỉnh sửa(Xem chi tiết chỉ được xem, không được phép chỉnh sửa)",,"QLKCHTV_24.jpg
 QLKCHTV_24(1).webm",
Tuần 4,1549,QLKCHTV_26,QLKCHTV,,Cột trái — Thông tin phiên tư vấn,Chưa test lại,Fail,,dev done,,CHUA_RETEST_V2,"Chi tiết phiên: lỗi thanh tiến trình ở trạng thái Mới; thiếu MST, thư điện tử, người gửi câu hỏi; thiếu Lịch sử trao đổi.",-,"- Lỗi hiển thị thanh tiến trình ở trạng thái ""Mới"" - Thiếu thông tin ở mục Thông tin doanh nghiệp: MST, thư điện tử liên hệ, người gửi câu hỏi — lấy từ tài khoản doanh nghiệp trên Cổng Pháp luật quốc gia. - Thiếu thông tin Lịch sử trao đổi",,QLKCHTV_26.jpg,
Tuần 4,1554,QLKCHTV_31,QLKCHTV,,Chọn câu trả lời từ kho,Chưa test lại,Fail,,dev done,,CHUA_RETEST_V2,Chọn câu trả lời từ kho: hệ thống không cảnh báo thay thế khi ô trả lời đã có nội dung tùy chỉnh.,-,Hệ thống không hiển thị cảnh báo thay thế khi ô trả lời đã có nội dung tùy chỉnh,,"QLKCHTV_31.jpg
 QLKCHTV_31(1).webm",
Tuần 4,1555,QLKCHTV_32,QLKCHTV,,Xem chi tiết câu trả lời,Chưa test lại,Fail,,dev done,,CHUA_RETEST_V2,"Nhấn mã câu trả lời trong kết quả tra cứu, hệ thống không mở cửa sổ chi tiết.",-,Khi nhấn vào mã câu trả lời trong kết quả tra cứu hệ thống không mở cửa sổ chi tiết,,QLKCHTV_32.webm,
Tuần 4,1558,QLKCHTV_35,QLKCHTV,,Đẩy sang Nhóm II,Chưa test lại,Fail,,dev done,,CHUA_RETEST_V2,Màn hình trả lời phiên tư vấn nhanh không có nút Đẩy sang Nhóm II.,-,Màn hình không có nút chức năng Đẩy sang nhóm II,,QLKCHTV_35.jpg,
Tuần 4,1559,QLKCHTV_36,QLKCHTV,,Lưu nháp,Chưa test lại,Fail,,dev done,,CHUA_RETEST_V2,Màn hình trả lời phiên tư vấn nhanh không có nút Lưu nháp.,-,Màn hình không có nút chức năng Lưu nháp,,QLKCHTV_36.jpg,
Tuần 4,1560,QLKCHTV_37,QLKCHTV,,Xuất Excel đánh giá,Chưa test lại,Fail,,dev done,,CHUA_RETEST_V2,Màn hình không có nút chức năng Xuất Excel đánh giá.,-,Màn hình không có nút chức năng,,QLKCHTV_37.jpg,
Tuần 4,1562,PDNDCHTV_01,PDNDCHTV,"Phê duyệt nội dung câu hỏi, tư vấn",Quản lý phê duyệt câu hỏi.,Chưa test lại,Fail,,dev done,,CHUA_RETEST_V2,Duyệt câu hỏi: cán bộ tạo câu hỏi không nhận được thông báo.,-,- Cán bộ tạo câu hỏi không nhận được thông báo,,PDNDCHTV_01.webm,
Tuần 4,1565,PDNDCHTV_04,PDNDCHTV,,NSD xác nhận từ chối,Chưa test lại,Fail,,dev done,,CHUA_RETEST_V2,Từ chối câu hỏi: trạng thái chuyển thành Bị từ chối thay vì Nháp; cán bộ tạo không nhận thông báo kèm lý do.,-,"Hệ thống chuyển sang trạng thái ""Bị từ chối"", cán bộ tạo câu hỏi không nhận được thông báo kèm lý do",,PDNDCHTV_04.webm,
Tuần 4,1568,PDNDCHTV_07,PDNDCHTV,,NSD xác nhận duyệt hàng loạt,Chưa test lại,Fail,,dev done,,CHUA_RETEST_V2,Duyệt hàng loạt: cán bộ tạo câu hỏi không nhận được thông báo.,-,Cán bộ tạo câu hỏi không nhận được thông báo,,PDNDCHTV_07.webm,
Tuần 4,1570,QLCKCHTV_02,QLCKCHTV,,Kiểm tra khi nhấn nút chức năng Công khai,Chưa test lại,Fail,,dev done,,CHUA_RETEST_V2,Cửa sổ Công khai câu hỏi không có trường bổ sung mô tả hiển thị trên chuyên trang.,-,Hệ thống không hiển thị các trường thông tin cho phép NSD bổ sung mô tả hiển thị trên chuyên trang,,QLCKCHTV_02.jpg,
Tuần 4,1575,TKCHTV_01,TKCHTV,"Tìm kiếm câu hỏi, tư vấn",Cung cấp công cụ tìm kiếm phản hồi trong kho câu hỏi/tư vấn nhanh.,Chưa test lại,Fail,,dev done,,CHUA_RETEST_V2,Kho câu hỏi: tìm theo từ khóa vẫn trả toàn bộ bản ghi; Tư vấn nhanh báo Không có phiên tư vấn nhanh nào.,-,"- Tại bước 2(Màn hình Kho câu hỏi): Nhập từ khóa có kết quả nhưng hệ thống hiển thị toàn bộ bản ghi hiện có trên hệ thống - Tại bước 4(Màn hình Tư vấn nhanh): Nhập từ khóa có kết quả nhưng hệ thống hiển thị ""Không có phiên tư vấn nhanh nào.""",,TKCHTV_01.webm,
Tuần 4,1576,TKCHTV_02,TKCHTV,,Tìm kiếm không có kết quả,Chưa test lại,Fail,,dev done,,CHUA_RETEST_V2,"Kho câu hỏi: tìm từ khóa không có kết quả nhưng hệ thống vẫn hiển thị toàn bộ bản ghi, không báo Không tìm thấy.",-,- Tại bước 2(Màn hình Kho câu hỏi): Nhập từ khóa không có kết quả nhưng hệ thống hiển thị toàn bộ bản ghi hiện có trên hệ thống,,"TKCHTV_02.jpg
TKCHTV_02(1).jpg",
Tuần 4,1577,TKCHTV_03,TKCHTV,,↻ Xóa bộ lọc,Chưa test lại,Fail,,dev done,,CHUA_RETEST_V2,Màn hình Kho câu hỏi không có nút Xóa bộ lọc.,-,"- Tại bước 2(Màn hình Kho câu hỏi): Không có nút chức năng ""Xóa bộ lọc""",,"TKCHTV_03.jpg 
TKCHTV_03(1).jpg",
Tuần 4,1609,KHTHCTHTPLDN_02,KHTHCTHTPLDN,,Điều kiện tìm kiếm / bộ lọc,Chưa test lại,Fail,,dev done,,CHUA_RETEST_V2,Bộ lọc danh sách chương trình thiếu trường tìm kiếm theo Đơn vị và Trạng thái.,-,"- Không có trường thông tin tìm kiếm theo Đơn vị, Trạng thái",,KHTHCTHTPLDN_02.jpg,
Tuần 4,1610,KHTHCTHTPLDN_03,KHTHCTHTPLDN,,Bảng danh sách chương trình,Chưa test lại,Fail,,Resoved,,CHUA_RETEST_V2,"Danh sách chương trình không có cột Đợt báo cáo liên kết màn hình Đợt báo cáo định kỳ, chỉ hiển thị Số đợt BC.",-,"- SRS yêu cầu có cột ""Đợt báo cáo""-Liên kết nhanh mở màn hình ""Đợt báo cáo định kỳ"" độc lập nhưng bảng danh sách không có cột thông tin trên mà hiển thị cột ""Số đợt BC""",,KHTHCTHTPLDN_03.jpg,
Tuần 4,1614,KHTHCTHTPLDN_07,KHTHCTHTPLDN,,Xuất tệp danh sách,Chưa test lại,Fail,,dev done,,CHUA_RETEST_V2,Tên tệp Excel xuất danh sách chương trình không đúng thiết kế DanhSachChuongTrinh_{YYYYMMDD_HHmm}.xlsx.,-,Tên tệp không giống với thiết kế,,KHTHCTHTPLDN_07.jpg,
Tuần 4,1615,KHTHCTHTPLDN_08,KHTHCTHTPLDN,,Hành động nhanh trên dòng,Chưa test lại,Fail,,dev done,,CHUA_RETEST_V2,"Hành động nhanh trên dòng không hiển thị: Tạm dừng khi Đang thực hiện, Kích hoạt khi Đã duyệt/Đã công bố, Sửa khi Dự thảo.",-,"- Khi chương trình ở trạng thái ""Đang thực hiện"": KHÔNG hiển thị nút ""Tạm dừng"". - Khi chương trình ở trạng thái ""Đã duyệt"" hoặc ""Đã công bố"": KHÔNG hiển thị nút ""Kích hoạt"". - Khi chương trình ở trạng thái ""Dự thảo"": KHÔNG hiển thị nút ""Sửa"".",,KHTHCTHTPLDN_08.jpg,
Tuần 4,1619,KHTHCTHTPLDN_12,KHTHCTHTPLDN,,Trang Chi tiết chương trình (thẻ Thông tin chương trình) - Đầu trang,Chưa test lại,Fail,,dev done,,CHUA_RETEST_V2,"Chi tiết chương trình: thanh điều hướng thiếu mã, tiêu đề thiếu tên, bước 2 viết tắt Chờ PD, thiếu khối thông tin nhanh.",-,"- Thanh điều hướng thiếu thông tin {Mã chương trình} - Tiêu đề thiếu thông tin {Tên chương trình} - Tiến trình thứ 2 ""Chờ phê duyệt"", hiển thị viết tắt ""Chờ PD"" - Màn hình chi tiết thiếu Khối thông tin nhanh",,KHTHCTHTPLDN_12.jpg,
Tuần 4,1623,TKKHCTHTPL_01,TKKHCTHTPL,Tìm kiếm kế hoạch thực hiện chương trình hỗ trợ pháp lý,"Tìm kiếm kế hoạch thực hiện chương trình hỗ trợ theo tên, đơn vị quản lý, thời gian, lĩnh vực.",Chưa test lại,Fail,,dev done,,CHUA_RETEST_V2,Tìm kiếm kế hoạch chương trình thiếu trường lọc theo đơn vị quản lý và lĩnh vực.,-,"Thiếu trường thông tin tìm kiếm theo đơn vị quản lý, lĩnh vực",,TKKHCTHTPL_01.jpg,
Tuần 4,1624,TKKHCTHTPL_02,TKKHCTHTPL,,Tìm kiếm không có kết quả,Chưa test lại,Fail,,dev done,,CHUA_RETEST_V2,Tìm kiếm không có kết quả: hệ thống hiển thị Trống thay vì thông báo Không tìm thấy chương trình phù hợp.,-,"Hệ thống hiển thị ""Trống"".",,TKKHCTHTPL_02.jpg,
Tuần 4,1635,LBCKQTHCT_01,LBCKQTHCT,Lập báo cáo kết quả thực hiện chương trình,Cung cấp công cụ để CB Nghiệp vụ lập báo cáo kết quả thực hiện chương trình.,Chưa test lại,Fail,,dev done,,CHUA_RETEST_V2,Lập báo cáo kết quả chương trình báo lỗi 403 ERR-AUTH-VPD-00-02 với vai trò CB_NV_DP dù tài khoản đã được cấp quyền.,-,"Hệ thống hiển thị ""403- Đơn vị không nằm trong phạm vi truy cập của bạn- Mã lỗi: ERR-AUTH-VPD-00-02- Vai trò hiện tại: CB_NV_DP"" mặc dù đơn vị và tài khoản đăng nhập đã được thiết lập quyền lập báo cáo",,LBCKQTHCT_01.webm,
Tuần 2,263,KTDGKQHT_05,KTDGKQHT,,Tải lên tệp Excel điểm danh,Chưa test lại,N/R,,,,NR_CO_DAU_VET_LOI,Danh sách không hiển thị mã học viên nhưng import Excel điểm danh lại bắt buộc có mã học viên,N/R nhưng ô TKM phản hồi lần 1 mô tả lỗi sản phẩm,,,KTDGKQHT_05.jpg,
Tuần 2,268,KTDGKQHT_10,KTDGKQHT,,Tải lên tệp Excel Kết quả kiểm tra,Chưa test lại,N/R,,,,NR_CO_DAU_VET_LOI,Màn hình không có nút chức năng cần kiểm thử nên không thao tác được,N/R nhưng ô TKM phản hồi lần 1 mô tả lỗi sản phẩm,,,,
Tuần 2,290,QLKTLBG_18,QLKTLBG,,Xuất Excel với điều kiện lọc,Chưa test lại,N/R,,,,NR_CO_DAU_VET_LOI,Màn hình không có nút chức năng cần kiểm thử nên không thao tác được,N/R nhưng ô TKM phản hồi lần 1 mô tả lỗi sản phẩm,,,QLKTLBG_18.jpg,
Tuần 2,291,QLKTLBG_19,QLKTLBG,,Xuất excel không có điều kiện lọc,Chưa test lại,N/R,,,,NR_CO_DAU_VET_LOI,Màn hình không có nút chức năng cần kiểm thử nên không thao tác được,N/R nhưng ô TKM phản hồi lần 1 mô tả lỗi sản phẩm,,,,
Tuần 2,292,QLKTLBG_20,QLKTLBG,,Xuất Excel với điều kiện lọc không có kết quả,Chưa test lại,N/R,,,,NR_CO_DAU_VET_LOI,Màn hình không có nút chức năng cần kiểm thử nên không thao tác được,N/R nhưng ô TKM phản hồi lần 1 mô tả lỗi sản phẩm,,,,
Tuần 2,341,QLDXDTTH_05,QLDXDTTH,,Chỉnh sửa Đề xuất đã tiếp nhận,Chưa test lại,N/R,,,,NR_CO_DAU_VET_LOI,Bản ghi không cập nhật trạng thái dù cán bộ nghiệp vụ đã phê duyệt thành Đã tiếp nhận,N/R nhưng ô TKM phản hồi lần 1 mô tả lỗi sản phẩm,,,QLDXDTTH_05.webm,
Tuần 2,343,QLDXDTTH_07,QLDXDTTH,,Xóa Đề xuất đã tiếp nhận,Chưa test lại,N/R,,,,NR_CO_DAU_VET_LOI,Bản ghi không cập nhật trạng thái dù cán bộ nghiệp vụ đã phê duyệt thành Đã tiếp nhận,N/R nhưng ô TKM phản hồi lần 1 mô tả lỗi sản phẩm,,,QLDXDTTH_05.webm,
Tuần 2,364,CKKHDTBD_01,CKKHDTBD,Công khai kế hoạch đào tạo bồi dưỡng,Đăng tải kế hoạch đào tạo đã được phê duyệt lên Cổng để các đối tượng theo dõi.,Chưa test lại,N/R,,,,NR_CO_DAU_VET_LOI,"Đăng tải kế hoạch lên Cổng thất bại, hệ thống báo Cổng PLQG chưa được cấu hình",N/R nhưng ô Kết quả thực tế + TKM mô tả lỗi sản phẩm,"Hệ thống hiển thị thông báo ""Cổng PLQG chưa được cấu hình""",,CKKHDTBD_01.jpg,
Tuần 2,425,DKTGMLTVV_13,DKTGMLTVV,,Gửi đăng ký khi Dữ liệu hợp lệ,Chưa test lại,N/R,,,,NR_CO_DAU_VET_LOI,Thiếu button Gửi đăng ký (chỉ có Lưu) và các trường thông tin không đúng thiết kế,N/R nhưng ô TKM phản hồi lần 1 mô tả lỗi sản phẩm,,,DKTGMLTVV_13.jpg,
Tuần 2,429,CNHSNLTVV_03,CNHSNLTVV,,Lưu thành công khi nhập dữ liệu hợp lệ,Chưa test lại,N/R,,,,NR_CO_DAU_VET_LOI,Màn hình chi tiết và màn hình cập nhật chưa đồng bộ dữ liệu với nhau,N/R nhưng ô TKM phản hồi lần 1 mô tả lỗi sản phẩm,,,,
Tuần 2,506,,(dòng không có mã TC),Gửi hồ sơ yêu cầu hỗ trợ pháp lý,Cung cấp giao diện cho DNNVV gửi hồ sơ yêu cầu hỗ trợ pháp lý trực tuyến.,Chưa test lại,N/R,,,,NR_CO_DAU_VET_LOI,Chức năng chưa được xây dựng - ghi nhận chức năng đang phát triển,N/R; ô Kết quả thực tế + TKM ghi chức năng chưa xây dựng; dòng không có Mã TC,Chức năng này đang phát triển,,,
Tuần 2,516,NHSYC_09,NHSYC,,Kiểm tra doanh nghiệp tồn tại trong hệ thống (đủ mã số thuế và tên doanh nghiệp). Không chặn nếu doanh nghiệp thiếu các trường phục vụ tính điểm ưu tiên,Chưa test lại,N/R,,,,NR_CO_DAU_VET_LOI,Các trường thông tin trên màn hình không đúng thiết kế nên chưa kiểm thử được,N/R nhưng ô TKM phản hồi lần 1 mô tả lỗi sản phẩm,,,,
Tuần 2,517,NHSYC_10,NHSYC,,Tự động tính điểm ưu tiên xử lý theo Nghị định 55/2019/NĐ-CP Điều 4.,Chưa test lại,N/R,,,,NR_CO_DAU_VET_LOI,Các trường thông tin trên màn hình không đúng thiết kế nên chưa kiểm thử được,N/R nhưng ô TKM phản hồi lần 1 mô tả lỗi sản phẩm,,,,
Tuần 2,523,KTHSYCHTPL_05,KTHSYCHTPL,,Kiểm tra hiển thị Nhóm 3 — Tài liệu Đính kèm,Chưa test lại,N/R,,,,NR_CO_DAU_VET_LOI,Nhập hồ sơ thủ công bị hệ thống báo lỗi nên không tạo được dữ liệu kiểm thử,N/R nhưng ô TKM phản hồi lần 1 mô tả lỗi sản phẩm,,,KTHSYCHTPL_05.webm,
Tuần 2,524,KTHSYCHTPL_06,KTHSYCHTPL,,Kiểm tra nút chức năng Xem tài liệu đính kèm,Chưa test lại,N/R,,,,NR_CO_DAU_VET_LOI,Nhập hồ sơ thủ công bị hệ thống báo lỗi nên không tạo được dữ liệu kiểm thử,N/R nhưng ô TKM phản hồi lần 1 mô tả lỗi sản phẩm,,,,
Tuần 2,525,KTHSYCHTPL_07,KTHSYCHTPL,,Kiểm tra nút chức năng Tải tài liệu đính kèm,Chưa test lại,N/R,,,,NR_CO_DAU_VET_LOI,Nhập hồ sơ thủ công bị hệ thống báo lỗi nên không tạo được dữ liệu kiểm thử,N/R nhưng ô TKM phản hồi lần 1 mô tả lỗi sản phẩm,,,,
Tuần 2,545,QLHSVV_08,QLHSVV,,Xem tệp,Chưa test lại,N/R,,,,NR_CO_DAU_VET_LOI,Nút Xem chi tiết hiển thị sai biểu tượng Tải xuống,N/R nhưng ô TKM phản hồi lần 1 mô tả lỗi sản phẩm,,,,
Tuần 3,580,,(dòng không có mã TC),Nhận thông báo kết quả tiếp nhận hồ sơ,Cung cấp giao diện cho DNNVV nhận thông báo kết quả kiểm tra/tiếp nhận hồ sơ.,Chưa test lại,N/R,,,,NR_CO_DAU_VET_LOI,Chức năng chưa được xây dựng - ghi nhận chức năng đang phát triển,N/R; ô Kết quả thực tế + TKM ghi chức năng chưa xây dựng; dòng không có Mã TC,Chức năng này đang phát triển,,,
Tuần 3,602,CNKQVV_06,CNKQVV,,Cập nhật thành công,Chưa test lại,N/R,,,,NR_CO_DAU_VET_LOI,Các trường thông tin không đúng thiết kế nên chưa kiểm thử được,N/R nhưng ô TKM phản hồi lần 1 mô tả lỗi sản phẩm,,,,
Tuần 3,634,,(dòng không có mã TC),Kiểm tra hồ sơ hồ sơ đề nghị hỗ trợ chi phí,"Cung cấp công cụ để CB Nghiệp vụ kiểm tra tính hợp lệ, đầy đủ của hồ sơ đề nghị hỗ trợ chi phí.",Chưa test lại,N/R,,,,NR_CO_DAU_VET_LOI,Chức năng chưa được xây dựng - ghi nhận UC đang phát triển,N/R; ô Kết quả thực tế + TKM ghi chức năng chưa xây dựng; dòng không có Mã TC,UC này đang phát triển,,,
Tuần 3,642,,(dòng không có mã TC),Thông báo kết quả kiểm tra hồ sơ qua DVC trực tuyến,Cung cấp chức năng gửi thông báo kết quả kiểm tra hồ sơ đề nghị hỗ trợ chi phí cho người đề nghị qua hệ thống Dịch vụ công.,Chưa test lại,N/R,,,,NR_CO_DAU_VET_LOI,Chức năng chưa được xây dựng - ghi nhận UC đang phát triển,N/R; ô Kết quả thực tế + TKM ghi chức năng chưa xây dựng; dòng không có Mã TC,UC này đang phát triển,,,
Tuần 3,644,,(dòng không có mã TC),Đánh giá hồ sơ theo các tiêu chí,"Cung cấp công cụ để CB Nghiệp vụ đánh giá hồ sơ theo các tiêu chí định mức, định lượng chi phí hỗ trợ.",Chưa test lại,N/R,,,,NR_CO_DAU_VET_LOI,Chức năng chưa được xây dựng - ghi nhận UC đang phát triển,N/R; ô Kết quả thực tế + TKM ghi chức năng chưa xây dựng; dòng không có Mã TC,UC này đang phát triển,,,
Tuần 3,651,,(dòng không có mã TC),Gửi hồ sơ đề nghị thanh toán,Cung cấp chức năng gửi hồ sơ đề nghị thanh toán cho bộ phận Kế toán/Tài chính.,Chưa test lại,N/R,,,,NR_CO_DAU_VET_LOI,"Chức năng chưa có, còn trong giai đoạn tích hợp",N/R; ô Kết quả thực tế + TKM ghi chức năng chưa xây dựng; dòng không có Mã TC,- UC này đang trong giai đoạn tích hợp nên chưa có,,,
Tuần 3,653,,(dòng không có mã TC),Nhận thông báo kết quả xử lý hồ sơ đề nghị thanh toán,Cung cấp giao diện cho Tư vấn viên nhận thông báo về kết quả xử lý hồ sơ đề nghị thanh toán.,Chưa test lại,N/R,,,,NR_CO_DAU_VET_LOI,"Chức năng chưa có, còn trong giai đoạn tích hợp",N/R; ô Kết quả thực tế + TKM ghi chức năng chưa xây dựng; dòng không có Mã TC,- UC này đang trong giai đoạn tích hợp nên chưa có,,,
Tuần 3,655,,(dòng không có mã TC),Thẩm định hồ sơ đề nghị thanh toán,Cung cấp quy trình để CB Nghiệp vụ/Bộ phận Kế toán thẩm định tính hợp lệ của hồ sơ đề nghị thanh toán.,Chưa test lại,N/R,,,,NR_CO_DAU_VET_LOI,Chức năng chưa được xây dựng - ghi nhận UC đang phát triển,N/R; ô Kết quả thực tế + TKM ghi chức năng chưa xây dựng; dòng không có Mã TC,UC này đang phát triển,,,
Tuần 3,662,,(dòng không có mã TC),Thông báo kết quả thẩm định hồ sơ đề nghị thanh toán,Gửi thông báo kết quả thẩm định hồ sơ đề nghị thanh toán cho Tư vấn viên.,Chưa test lại,N/R,,,,NR_CO_DAU_VET_LOI,Chức năng chưa được xây dựng - ghi nhận UC đang phát triển,N/R; ô Kết quả thực tế + TKM ghi chức năng chưa xây dựng; dòng không có Mã TC,UC này đang phát triển,,,
Tuần 3,664,,(dòng không có mã TC),Trình phê duyệt hồ sơ đề nghị thanh toán,Cung cấp quy trình để CB Nghiệp vụ trình Lãnh đạo CQQLNN phê duyệt hồ sơ đề nghị thanh toán.,Chưa test lại,N/R,,,,NR_CO_DAU_VET_LOI,Chức năng chưa được xây dựng - ghi nhận UC đang phát triển,N/R; ô Kết quả thực tế + TKM ghi chức năng chưa xây dựng; dòng không có Mã TC,UC này đang phát triển,,,
Tuần 3,668,,(dòng không có mã TC),Phê duyệt hồ sơ đề nghị thanh toán,Cung cấp chức năng cho Lãnh đạo CQQLNN xem xét và phê duyệt hồ sơ đề nghị thanh toán.,Chưa test lại,N/R,,,,NR_CO_DAU_VET_LOI,Chức năng chưa được xây dựng - ghi nhận UC đang phát triển,N/R; ô Kết quả thực tế + TKM ghi chức năng chưa xây dựng; dòng không có Mã TC,UC này đang phát triển,,,
Tuần 3,677,,(dòng không có mã TC),Cập nhật kết quả xử lý hồ sơ đề nghị thanh toán,Cập nhật trạng thái cuối cùng của hồ sơ (Đã thanh toán/Từ chối thanh toán).,Chưa test lại,N/R,,,,NR_CO_DAU_VET_LOI,Chức năng chưa được xây dựng - ghi nhận UC đang phát triển,N/R; ô Kết quả thực tế + TKM ghi chức năng chưa xây dựng; dòng không có Mã TC,UC này đang phát triển,,,
Tuần 3,979,QLDMTCTV_08,QLDMTCTV,,Thêm mới dữ liệu hợp lệ,Chưa test lại,N/R,,,,NR_CO_DAU_VET_LOI,Trường thông tin màn hình Thêm mới không khớp tài liệu thiết kế,N/R nhưng ô TKM phản hồi lần 1 mô tả lỗi sản phẩm,,,,
Tuần 3,981,QLDMTCTV_10,QLDMTCTV,,Sửa dữ liệu hợp lệ,Chưa test lại,N/R,,,,NR_CO_DAU_VET_LOI,Trường thông tin màn hình Chỉnh sửa không khớp tài liệu thiết kế,N/R nhưng ô TKM phản hồi lần 1 mô tả lỗi sản phẩm,,,,
Tuần 3,983,QLDMTCTV_12,QLDMTCTV,,Kiểm tra cửa số Cập nhật trạng thái hoạt động của Tổ chức tư vấn,Chưa test lại,N/R,,,,NR_CO_DAU_VET_LOI,Màn hình không có nút chức năng cần kiểm thử nên không thao tác được,N/R nhưng ô TKM phản hồi lần 1 mô tả lỗi sản phẩm,,,QLDMTCTV_12.jpg,
Tuần 3,1044,QLCHTHXLHS_09,QLCHTHXLHS,,Lưu cấu hình khi Dữ liệu hợp lệ,Chưa test lại,N/R,,,,NR_CO_DAU_VET_LOI,Bị chặn do TC QLCHTHXLHS_07 lỗi,N/R; ô TKM phản hồi lần 1 nêu lỗi ở TC/UC khác chặn case này,,,,
Tuần 3,1218,QLDKTK_10,QLDKTK,,Liên kết hợp lệ và doanh nghiệp đặt mật khẩu thành công,Chưa test lại,N/R,,,,NR_CO_DAU_VET_LOI,"Bị chặn, chờ TC QLDKTK_01 được sửa lỗi",N/R; ô TKM phản hồi lần 1 nêu lỗi ở TC/UC khác chặn case này,,,,
Tuần 3,1221,QLDNV_01,QLDNV,"Quản lý đăng nhập bằng 
 VneID",Đăng nhập bằng tài khoản Vneid,Chưa test lại,N/R,,,,NR_CO_DAU_VET_LOI,Tính năng chưa được xây dựng - ghi nhận tính năng đang phát triển,N/R; ô Kết quả thực tế + TKM ghi chức năng chưa xây dựng,Tính năng đang phát triển,,QLDNV_01.jpg,
Tuần 3,1224,QLDNBV_01,QLDNBV,Quản lý đăng xuất bằng VneID,Đăng xuất bằng tài khoản Vneid,Chưa test lại,N/R,,,,NR_CO_DAU_VET_LOI,Tính năng chưa được xây dựng - ghi nhận tính năng đang phát triển,N/R; ô Kết quả thực tế + TKM ghi chức năng chưa xây dựng,Tính năng đang phát triển,,,
Tuần 3,1225,QLDBTK_01,QLDBTK,"Quản lý đồng bộ tài khoản 
 VNeID",Cấu hình đồng bộ giữa tài khoản đăng ký và tài khoản Vneid,Chưa test lại,N/R,,,,NR_CO_DAU_VET_LOI,Tính năng chưa được xây dựng - ghi nhận tính năng đang phát triển,N/R; ô Kết quả thực tế + TKM ghi chức năng chưa xây dựng,Tính năng đang phát triển,,QLDBTK_01.jpg,
Tuần 3,1288,LDTBDDDR_08,LDTBDDDR,,Kiểm tra chức năng In báo cáo,Chưa test lại,N/R,,,,NR_CO_DAU_VET_LOI,Màn hình không hiển thị nút chức năng cần kiểm thử nên không thao tác được,N/R nhưng ô TKM phản hồi lần 1 mô tả lỗi sản phẩm,,,CLDTBDDDR_08.jpg,
Tuần 3,1289,LDTBDDDR_09,LDTBDDDR,,Kiểm tra chức năng Xóa bộ lọc,Chưa test lại,N/R,,,,NR_CO_DAU_VET_LOI,Màn hình không hiển thị nút chức năng cần kiểm thử nên không thao tác được,N/R nhưng ô TKM phản hồi lần 1 mô tả lỗi sản phẩm,,,CLDTBDDDR_09.jpg,
Tuần 3,1297,CGTVPL_08,CGTVPL,,Kiểm tra chức năng In báo cáo,Chưa test lại,N/R,,,,NR_CO_DAU_VET_LOI,Màn hình không hiển thị nút chức năng cần kiểm thử nên không thao tác được,N/R nhưng ô TKM phản hồi lần 1 mô tả lỗi sản phẩm,,,CGTVPL_08.jpg,
Tuần 3,1298,CGTVPL_09,CGTVPL,,Kiểm tra chức năng Xóa bộ lọc,Chưa test lại,N/R,,,,NR_CO_DAU_VET_LOI,Màn hình không hiển thị nút chức năng cần kiểm thử nên không thao tác được,N/R nhưng ô TKM phản hồi lần 1 mô tả lỗi sản phẩm,,,CGTVPL_09.jpg,
Tuần 3,1306,DGHQHTPL_08,DGHQHTPL,,Kiểm tra chức năng In báo cáo,Chưa test lại,N/R,,,,NR_CO_DAU_VET_LOI,Màn hình không hiển thị nút chức năng cần kiểm thử nên không thao tác được,N/R nhưng ô TKM phản hồi lần 1 mô tả lỗi sản phẩm,,,DGHQHTPL_08.jpg,
Tuần 3,1307,DGHQHTPL_09,DGHQHTPL,,Kiểm tra chức năng Xóa bộ lọc,Chưa test lại,N/R,,,,NR_CO_DAU_VET_LOI,Màn hình không hiển thị nút chức năng cần kiểm thử nên không thao tác được,N/R nhưng ô TKM phản hồi lần 1 mô tả lỗi sản phẩm,,,DGHQHTPL_09.jpg,
Tuần 3,1315,CLDTBDPL_08,CLDTBDPL,,Kiểm tra chức năng In báo cáo,Chưa test lại,N/R,,,,NR_CO_DAU_VET_LOI,Màn hình không hiển thị nút chức năng cần kiểm thử nên không thao tác được,N/R nhưng ô TKM phản hồi lần 1 mô tả lỗi sản phẩm,,,CLDTBDPL_08.jpg,
Tuần 3,1316,CLDTBDPL_09,CLDTBDPL,,Kiểm tra chức năng Xóa bộ lọc,Chưa test lại,N/R,,,,NR_CO_DAU_VET_LOI,Màn hình không hiển thị nút chức năng cần kiểm thử nên không thao tác được,N/R nhưng ô TKM phản hồi lần 1 mô tả lỗi sản phẩm,,,CLDTBDPL_09.jpg,
Tuần 3,1324,VVTDVQL_08,VVTDVQL,,Kiểm tra chức năng In báo cáo,Chưa test lại,N/R,,,,NR_CO_DAU_VET_LOI,Màn hình không hiển thị nút chức năng cần kiểm thử nên không thao tác được,N/R nhưng ô TKM phản hồi lần 1 mô tả lỗi sản phẩm,,,VVTDVQL_08.jpg,
Tuần 3,1325,VVTDVQL_09,VVTDVQL,,Kiểm tra chức năng Xóa bộ lọc,Chưa test lại,N/R,,,,NR_CO_DAU_VET_LOI,Màn hình không hiển thị nút chức năng cần kiểm thử nên không thao tác được,N/R nhưng ô TKM phản hồi lần 1 mô tả lỗi sản phẩm,,,VVTDVQL_09.jpg,
Tuần 3,1332,VVTLV_07,VVTLV,,Kiểm tra chức năng In báo cáo,Chưa test lại,N/R,,,,NR_CO_DAU_VET_LOI,Màn hình không hiển thị nút chức năng cần kiểm thử nên không thao tác được,N/R nhưng ô TKM phản hồi lần 1 mô tả lỗi sản phẩm,,,VVTLV_07.jpg,
Tuần 3,1333,VVTLV_08,VVTLV,,Kiểm tra chức năng Xóa bộ lọc,Chưa test lại,N/R,,,,NR_CO_DAU_VET_LOI,Màn hình không hiển thị nút chức năng cần kiểm thử nên không thao tác được,N/R nhưng ô TKM phản hồi lần 1 mô tả lỗi sản phẩm,,,VVTLV_08.jpg,
Tuần 3,1340,VVTLHDN_07,VVTLHDN,,Kiểm tra chức năng In báo cáo,Chưa test lại,N/R,,,,NR_CO_DAU_VET_LOI,Màn hình không hiển thị nút chức năng cần kiểm thử nên không thao tác được,N/R nhưng ô TKM phản hồi lần 1 mô tả lỗi sản phẩm,,,VVTLHDN_07.jpg,
Tuần 3,1341,VVTLHDN_08,VVTLHDN,,Kiểm tra chức năng Xóa bộ lọc,Chưa test lại,N/R,,,,NR_CO_DAU_VET_LOI,Màn hình không hiển thị nút chức năng cần kiểm thử nên không thao tác được,N/R nhưng ô TKM phản hồi lần 1 mô tả lỗi sản phẩm,,,VVTLHDN_08.jpg,
Tuần 3,1348,VVTTGCT_07,VVTTGCT,,Kiểm tra chức năng In báo cáo,Chưa test lại,N/R,,,,NR_CO_DAU_VET_LOI,Màn hình không hiển thị nút chức năng cần kiểm thử nên không thao tác được,N/R nhưng ô TKM phản hồi lần 1 mô tả lỗi sản phẩm,,,VVTTGCT_07.jpg,
Tuần 3,1349,VVTTGCT_08,VVTTGCT,,Kiểm tra chức năng Xóa bộ lọc,Chưa test lại,N/R,,,,NR_CO_DAU_VET_LOI,Màn hình không hiển thị nút chức năng cần kiểm thử nên không thao tác được,N/R nhưng ô TKM phản hồi lần 1 mô tả lỗi sản phẩm,,,VVTTGCT_08.jpg,
Tuần 3,1357,CPHTCT_08,CPHTCT,,Kiểm tra chức năng In báo cáo,Chưa test lại,N/R,,,,NR_CO_DAU_VET_LOI,Màn hình không hiển thị nút chức năng cần kiểm thử nên không thao tác được,N/R nhưng ô TKM phản hồi lần 1 mô tả lỗi sản phẩm,,,CPHTCT_08.jpg,
Tuần 3,1358,CPHTCT_09,CPHTCT,,Kiểm tra chức năng Xóa bộ lọc,Chưa test lại,N/R,,,,NR_CO_DAU_VET_LOI,Màn hình không hiển thị nút chức năng cần kiểm thử nên không thao tác được,N/R nhưng ô TKM phản hồi lần 1 mô tả lỗi sản phẩm,,,CPHTCT_09.jpg,
Tuần 3,1366,CPCTHTTDVQL_08,CPCTHTTDVQL,,Kiểm tra chức năng In báo cáo,Chưa test lại,N/R,,,,NR_CO_DAU_VET_LOI,Màn hình không hiển thị nút chức năng cần kiểm thử nên không thao tác được,N/R nhưng ô TKM phản hồi lần 1 mô tả lỗi sản phẩm,,,CPCTHTTDVQL_08.jpg,
Tuần 3,1367,CPCTHTTDVQL_09,CPCTHTTDVQL,,Kiểm tra chức năng Xóa bộ lọc,Chưa test lại,N/R,,,,NR_CO_DAU_VET_LOI,Màn hình không hiển thị nút chức năng cần kiểm thử nên không thao tác được,N/R nhưng ô TKM phản hồi lần 1 mô tả lỗi sản phẩm,,,CPCTHTTDVQL_09.jpg,
Tuần 3,1384,CPCTHTTLHDN_08,CPCTHTTLHDN,,Kiểm tra chức năng In báo cáo,Chưa test lại,N/R,,,,NR_CO_DAU_VET_LOI,Màn hình không hiển thị nút chức năng cần kiểm thử nên không thao tác được,N/R nhưng ô TKM phản hồi lần 1 mô tả lỗi sản phẩm,,,CPCTHTTLHDN_08.jpg,
Tuần 3,1385,CPCTHTTLHDN_09,CPCTHTTLHDN,,Kiểm tra chức năng Xóa bộ lọc,Chưa test lại,N/R,,,,NR_CO_DAU_VET_LOI,Màn hình không hiển thị nút chức năng cần kiểm thử nên không thao tác được,N/R nhưng ô TKM phản hồi lần 1 mô tả lỗi sản phẩm,,,CPCTHTTLHDN_09.jpg,
Tuần 3,1392,CPCTHTTTG_07,CPCTHTTTG,,Kiểm tra chức năng In báo cáo,Chưa test lại,N/R,,,,NR_CO_DAU_VET_LOI,Màn hình không hiển thị nút chức năng cần kiểm thử nên không thao tác được,N/R nhưng ô TKM phản hồi lần 1 mô tả lỗi sản phẩm,,,CPCTHTTTG_07.jpg,
Tuần 3,1393,CPCTHTTTG_08,CPCTHTTTG,,Kiểm tra chức năng Xóa bộ lọc,Chưa test lại,N/R,,,,NR_CO_DAU_VET_LOI,Màn hình không hiển thị nút chức năng cần kiểm thử nên không thao tác được,N/R nhưng ô TKM phản hồi lần 1 mô tả lỗi sản phẩm,,,CPCTHTTTG_08.jpg,
Tuần 3,1401,SLCTHT_08,SLCTHT,,Kiểm tra chức năng In báo cáo,Chưa test lại,N/R,,,,NR_CO_DAU_VET_LOI,Màn hình không hiển thị nút chức năng cần kiểm thử nên không thao tác được,N/R nhưng ô TKM phản hồi lần 1 mô tả lỗi sản phẩm,,,SLCTHT_08.jpg,
Tuần 3,1402,SLCTHT_09,SLCTHT,,Kiểm tra chức năng Xóa bộ lọc,Chưa test lại,N/R,,,,NR_CO_DAU_VET_LOI,Màn hình không hiển thị nút chức năng cần kiểm thử nên không thao tác được,N/R nhưng ô TKM phản hồi lần 1 mô tả lỗi sản phẩm,,,SLCTHT_09.jpg,
Tuần 3,1408,CTTDVQL_06,CTTDVQL,,Kiểm tra chức năng In báo cáo,Chưa test lại,N/R,,,,NR_CO_DAU_VET_LOI,Màn hình không hiển thị nút chức năng cần kiểm thử nên không thao tác được,N/R nhưng ô TKM phản hồi lần 1 mô tả lỗi sản phẩm,,,CTTDVQL_06.jpg,
Tuần 3,1409,CTTDVQL_07,CTTDVQL,,Kiểm tra chức năng Xóa bộ lọc,Chưa test lại,N/R,,,,NR_CO_DAU_VET_LOI,Màn hình không hiển thị nút chức năng cần kiểm thử nên không thao tác được,N/R nhưng ô TKM phản hồi lần 1 mô tả lỗi sản phẩm,,,CTTDVQL_07.jpg,
Tuần 3,1416,CTTLV_07,CTTLV,,Kiểm tra chức năng In báo cáo,Chưa test lại,N/R,,,,NR_CO_DAU_VET_LOI,Màn hình không hiển thị nút chức năng cần kiểm thử nên không thao tác được,N/R nhưng ô TKM phản hồi lần 1 mô tả lỗi sản phẩm,,,CTTLV_07.jpg,
Tuần 3,1417,CTTLV_08,CTTLV,,Kiểm tra chức năng Xóa bộ lọc,Chưa test lại,N/R,,,,NR_CO_DAU_VET_LOI,Màn hình không hiển thị nút chức năng cần kiểm thử nên không thao tác được,N/R nhưng ô TKM phản hồi lần 1 mô tả lỗi sản phẩm,,,CTTLV_08.jpg,
Tuần 3,1423,CTTTG_06,CTTTG,,Kiểm tra chức năng In báo cáo,Chưa test lại,N/R,,,,NR_CO_DAU_VET_LOI,Màn hình không hiển thị nút chức năng cần kiểm thử nên không thao tác được,N/R nhưng ô TKM phản hồi lần 1 mô tả lỗi sản phẩm,,,CTTTG_06.jpg,
Tuần 3,1424,CTTTG_07,CTTTG,,Kiểm tra chức năng Xóa bộ lọc,Chưa test lại,N/R,,,,NR_CO_DAU_VET_LOI,Màn hình không hiển thị nút chức năng cần kiểm thử nên không thao tác được,N/R nhưng ô TKM phản hồi lần 1 mô tả lỗi sản phẩm,,,CTTTG_07.jpg,
Tuần 3,1450,QLNDTVVCG_24,QLNDTVVCG,,Chấp nhận phân công,Chưa test lại,N/R,,,,NR_CO_DAU_VET_LOI,Bị chặn do UC QLNDTVVCG_23 lỗi,N/R; ô TKM phản hồi lần 1 nêu lỗi ở TC/UC khác chặn case này,,,,
Tuần 3,1463,QLNDTVVCG_37,QLNDTVVCG,,Cán bộ phê duyệt duyệt hủy,Chưa test lại,N/R,,,,NR_CO_DAU_VET_LOI,Bị chặn do UC QLNDTVVCG_36 lỗi,N/R; ô TKM phản hồi lần 1 nêu lỗi ở TC/UC khác chặn case này,,,,
Tuần 3,1464,QLNDTVVCG_38,QLNDTVVCG,,Phân công chuyên gia hàng loạt,Chưa test lại,N/R,,,,NR_CO_DAU_VET_LOI,"Phân công chuyên gia hàng loạt bị từ chối, popup báo chưa được hỗ trợ",N/R nhưng ô TKM phản hồi lần 1 mô tả lỗi sản phẩm,,,QLNDTVVCG_38.jpg,
Tuần 3,1471,TKNDTVVCG_04,TKNDTVVCG,,Tìm kiếm theo tên tiêu đề,Chưa test lại,N/R,,,,NR_CO_DAU_VET_LOI,Hệ thống không có trường Tiêu đề nên không tìm kiếm theo tiêu đề được,N/R nhưng ô TKM phản hồi lần 1 mô tả lỗi sản phẩm,,,,
Tuần 3,1483,QLHSPLDN_05,QLHSPLDN,,Thêm mới Thành công,Chưa test lại,N/R,,,,NR_CO_DAU_VET_LOI,Các trường thông tin hiển thị không đồng nhất với tài liệu thiết kế,N/R nhưng ô TKM phản hồi lần 1 mô tả lỗi sản phẩm,,,,
Tuần 3,1484,QLHSPLDN_06,QLHSPLDN,,Xem,Chưa test lại,N/R,,,,NR_CO_DAU_VET_LOI,Trường thông tin màn hình Thêm mới không khớp tài liệu thiết kế,N/R nhưng ô TKM phản hồi lần 1 mô tả lỗi sản phẩm,,,,
Tuần 3,1485,QLHSPLDN_07,QLHSPLDN,,Sửa,Chưa test lại,N/R,,,,NR_CO_DAU_VET_LOI,Trường thông tin màn hình Thêm mới không khớp tài liệu thiết kế,N/R nhưng ô TKM phản hồi lần 1 mô tả lỗi sản phẩm,,,,
Tuần 3,1487,QLHSPLDN_09,QLHSPLDN,,Tải lên tệp đính kèm hợp lệ,Chưa test lại,N/R,,,,NR_CO_DAU_VET_LOI,Màn hình thiếu trường tải tệp đính kèm nên không kiểm thử được upload,N/R nhưng ô TKM phản hồi lần 1 mô tả lỗi sản phẩm,,,QLHSPLDN_09.jpg,
Tuần 3,1488,QLHSPLDN_10,QLHSPLDN,,Tải lên tệp đính kèm vượt quá 20 MB,Chưa test lại,N/R,,,,NR_CO_DAU_VET_LOI,Màn hình thiếu trường tải tệp đính kèm nên không kiểm thử được upload,N/R nhưng ô TKM phản hồi lần 1 mô tả lỗi sản phẩm,,,,
Tuần 3,1489,QLHSPLDN_11,QLHSPLDN,,Tải lên tệp đính kèm chứa mã độc,Chưa test lại,N/R,,,,NR_CO_DAU_VET_LOI,Màn hình thiếu trường tải tệp đính kèm nên không kiểm thử được upload,N/R nhưng ô TKM phản hồi lần 1 mô tả lỗi sản phẩm,,,,
Tuần 3,1490,QLHSPLDN_12,QLHSPLDN,,Tìm kiếm hồ sơ pháp lý có kết quả,Chưa test lại,N/R,,,,NR_CO_DAU_VET_LOI,Màn hình thiếu ô tìm kiếm nên không kiểm thử được chức năng tìm kiếm,N/R nhưng ô TKM phản hồi lần 1 mô tả lỗi sản phẩm,,,QLHSPLDN_12.jpg,
Tuần 3,1491,QLHSPLDN_13,QLHSPLDN,,Tìm kiếm hồ sơ pháp lý không có kết quả,Chưa test lại,N/R,,,,NR_CO_DAU_VET_LOI,Màn hình thiếu ô tìm kiếm nên không kiểm thử được chức năng tìm kiếm,N/R nhưng ô TKM phản hồi lần 1 mô tả lỗi sản phẩm,,,,
Tuần 3,1492,QLHSPLDN_14,QLHSPLDN,,Khoảng ngày không hợp lệ,Chưa test lại,N/R,,,,NR_CO_DAU_VET_LOI,Màn hình thiếu ô tìm kiếm nên không kiểm thử được chức năng tìm kiếm,N/R nhưng ô TKM phản hồi lần 1 mô tả lỗi sản phẩm,,,,
Tuần 3,1493,QLHSPLDN_15,QLHSPLDN,,Xuất Excel thành công,Chưa test lại,N/R,,,,NR_CO_DAU_VET_LOI,Màn hình không có nút chức năng cần kiểm thử nên không thao tác được,N/R nhưng ô TKM phản hồi lần 1 mô tả lỗi sản phẩm,,,QLHSPLDN_15.jpg,
Tuần 3,1494,QLHSPLDN_16,QLHSPLDN,,"Xuất Excel Không có dữ liệu,",Chưa test lại,N/R,,,,NR_CO_DAU_VET_LOI,Màn hình không có nút chức năng cần kiểm thử nên không thao tác được,N/R nhưng ô TKM phản hồi lần 1 mô tả lỗi sản phẩm,,,,
Tuần 3,1513,QLTLPLCVV_17,QLTLPLCVV,,"Xóa tệp đính kèm khi tư liệu đang ở trạng thái ""Công khai""",Chưa test lại,N/R,,,,NR_CO_DAU_VET_LOI,Màn hình thiếu hẳn chức năng cần kiểm thử,N/R nhưng ô TKM phản hồi lần 1 mô tả lỗi sản phẩm,,,QLTLPLCVV_17.webm,
Tuần 3,1514,QLTLPLCVV_18,QLTLPLCVV,,Xem tệp trực tuyến,Chưa test lại,N/R,,,,NR_CO_DAU_VET_LOI,Màn hình thiếu hẳn chức năng cần kiểm thử,N/R nhưng ô TKM phản hồi lần 1 mô tả lỗi sản phẩm,,,QLTLPLCVV_18.webm,
Tuần 3,1519,QLTLPLCVV_23,QLTLPLCVV,,Tìm kiếm tư liệu hỗ trợ tiếng Việt có dấu,Chưa test lại,N/R,,,,NR_CO_DAU_VET_LOI,Màn hình thiếu hẳn chức năng cần kiểm thử,N/R nhưng ô TKM phản hồi lần 1 mô tả lỗi sản phẩm,,,QLTLPLCVV_23.jpg,
Tuần 3,1520,QLTLPLCVV_24,QLTLPLCVV,,Tìm kiếm hỗ trợ tiếng Việt không dấu.,Chưa test lại,N/R,,,,NR_CO_DAU_VET_LOI,Màn hình thiếu hẳn chức năng cần kiểm thử,N/R nhưng ô TKM phản hồi lần 1 mô tả lỗi sản phẩm,,,QLTLPLCVV_24.jpg,
Tuần 4,1529,QLKCHTV_06,QLKCHTV,,"NSD bấm ""Lưu nháp""",Chưa test lại,N/R,,,,NR_CO_DAU_VET_LOI,Màn hình chưa có nút chức năng cần kiểm thử (Lưu nháp),N/R nhưng ô TKM phản hồi lần 1 mô tả lỗi sản phẩm,,,QLKCHTV_06.jpg,
Tuần 4,1572,QLCKCHTV_04,QLCKCHTV,,Công khai hàng loạt,Chưa test lại,N/R,,,,NR_CO_DAU_VET_LOI,Màn hình thiếu ô tích chọn nên không công khai hàng loạt được,N/R nhưng ô TKM phản hồi lần 1 mô tả lỗi sản phẩm,,,QLCKCHTV_04.jpg,
Tuần 4,1580,QLHDTVVCG_01,QLHDTVVCG,Quản lý hợp đồng tư vấn với chuyên gia,Quản lý các hợp đồng dịch vụ tư vấn chuyên sâu giữa DNNVV và chuyên gia.,Chưa test lại,N/R,,,,NR_CO_DAU_VET_LOI,Chưa có menu cho chức năng Hợp đồng tư vấn; SRS cũng chưa có prototype màn hình,N/R nhưng ô TKM phản hồi lần 1 mô tả lỗi sản phẩm,,,QLHDTVVCG_01.png,
Tuần 4,1616,KHTHCTHTPLDN_09,KHTHCTHTPLDN,,Tạm dừng thành công,Chưa test lại,N/R,,,,NR_CO_DAU_VET_LOI,Bị chặn do UC KHTHCTHTPLDN_08 lỗi,N/R; ô TKM phản hồi lần 1 nêu lỗi ở TC/UC khác chặn case này,,,,
Tuần 4,1642,,(dòng không có mã TC),Trình phê duyệt báo cáo kết quả thực hiện chương trình,Trình Lãnh đạo CQQLNN phê duyệt báo cáo kết quả thực hiện chương trình.,Chưa test lại,N/R,,,,NR_CO_DAU_VET_LOI,Bị chặn do UC 165 lỗi nên không thực hiện được luồng báo cáo,N/R; ô Kết quả thực tế nêu lỗi ở TC/UC khác chặn case này; dòng không có Mã TC,UC 165 lỗi nên chưa thực hiện được,,,
Tuần 4,1644,,(dòng không có mã TC),Gửi kết quả thực hiện chương trình hỗ trợ pháp lý,Gửi báo cáo kết quả thực hiện chương trình cho các bên liên quan.,Chưa test lại,N/R,,,,NR_CO_DAU_VET_LOI,Bị chặn do UC 165 lỗi nên không thực hiện được luồng báo cáo,N/R; ô Kết quả thực tế nêu lỗi ở TC/UC khác chặn case này; dòng không có Mã TC,UC 165 lỗi nên chưa thực hiện được,,,
Tuần 4,1646,,(dòng không có mã TC),Tổng hợp báo cáo thực hiện chương trình hỗ trợ pháp lý,Tổng hợp báo cáo thực hiện chương trình từ nhiều đơn vị.,Chưa test lại,N/R,,,,NR_CO_DAU_VET_LOI,Bị chặn do UC 165 lỗi nên không thực hiện được luồng báo cáo,N/R; ô Kết quả thực tế nêu lỗi ở TC/UC khác chặn case này; dòng không có Mã TC,UC 165 lỗi nên chưa thực hiện được,,,
Tuần 1,167,QLCHVMDXL_01,QLCHVMDXL,,Xem danh sách đang xử lý — hard filter đúng trạng thái,Chưa test lại,Pass,,Reject,,CAN_DOI_TAC_LAM_RO,Đối tác báo tab Đang xử lý sai bộ lọc trạng thái và vẫn hiện nút Thêm mới/Xóa; dev khẳng định đúng thiết kế,Trạng thái Pass nhưng Trạng thái dev fix = Reject; DEV phản hồi lần 1 khẳng định không phải bug,"- Chỉ hiển thị `trang_thai IN (TIEP_NHAN, DA_PHAN_CONG, DANG_XU_LY)`. - KHÔNG hiển thị MOI, DA_DUYET, CONG_KHAI, HOAN_THANH.",,QLCHVMDXL_01.jpg,
Tuần 2,313,QLNHCH_15,QLNHCH,,Nhập excel,Chưa test lại,Pass,,Reject,,CAN_DOI_TAC_LAM_RO,Đối tác báo nhập Excel ngân hàng câu hỏi lỗi nhiều dòng; dev khẳng định do file dùng nhãn tiếng Việt thay mã,Trạng thái Pass nhưng Trạng thái dev fix = Reject; DEV phản hồi lần 1 khẳng định không phải bug,"- Hệ thống yêu cầu chọn tệp Excel theo mẫu chuẩn. - Sau khi nạp, hệ thống hiển thị báo cáo số câu hỏi nhập thành công và số dòng lỗi.",,QLNHCH_15.jpg,
Tuần 2,549,TKHSYCHTPL_04,TKHSYCHTPL,,Tìm kiếm khoảng thời gian hợp lệ,Chưa test lại,Pass,,Reject,,CAN_DOI_TAC_LAM_RO,Đối tác báo tìm kiếm theo khoảng thời gian trả về bản ghi ngoài khoảng; dev không tái hiện được,Trạng thái Pass nhưng Trạng thái dev fix = Reject; DEV phản hồi lần 1 khẳng định không phải bug,"Có kết quả, hệ thống hiển thị danh sách kết quả tìm kiếm, phân trang 20 bản ghi mỗi trang.",,TKHSYCHTPL_04.jpg,
Tuần 3,972,QLDMTCTV_01,QLDMTCTV,Quản lý danh mục Tổ chức tư vấn,Quản lý danh sách các Tổ chức tư vấn tham gia mạng lưới.,Chưa test lại,Pass,,Reject,,CAN_DOI_TAC_LAM_RO,Đối tác báo thiếu mục Tổ chức tư vấn; dev khẳng định chức năng nằm ở menu Mạng lưới Tư vấn viên,Trạng thái Pass nhưng Trạng thái dev fix = Reject; DEV phản hồi lần 1 khẳng định không phải bug,Quản lý danh sách các Tổ chức tư vấn tham gia mạng lưới.,,QLDMTCTV_01_v2.jpg,
Tuần 3,1222,QLDNV_02,QLDNV,,Kiểm tra Biểu mẫu đăng nhập — VNeID,Chưa test lại,,,,,CAN_DOI_TAC_LAM_RO,-,Có Mã TC nhưng ô Trạng thái và Kết quả thực tế đều trống — chưa ai chấm,,,,
Tuần 3,1223,QLDNV_03,QLDNV,,Xác thực VNeID thất bại,Chưa test lại,,,,,CAN_DOI_TAC_LAM_RO,-,Có Mã TC nhưng ô Trạng thái và Kết quả thực tế đều trống — chưa ai chấm,,,,
Tuần 4,1620,KHTHCTHTPLDN_13,KHTHCTHTPLDN,,Trang Chi tiết chương trình (thẻ Thông tin chương trình) - Thẻ nội dung,Chưa test lại,,,,,CAN_DOI_TAC_LAM_RO,-,Có Mã TC nhưng ô Trạng thái và Kết quả thực tế đều trống — chưa ai chấm,,,,
Tuần 4,1621,KHTHCTHTPLDN_14,KHTHCTHTPLDN,,"Trang Chi tiết chương trình (thẻ Thông tin chương trình) - Thẻ ""Thông tin chương trình"" — Thông tin cơ bản",Chưa test lại,,,,,CAN_DOI_TAC_LAM_RO,-,Có Mã TC nhưng ô Trạng thái và Kết quả thực tế đều trống — chưa ai chấm,,,,
